79,Zombie,Cranberries
102,Kasalanan,Orient Pearl
105,Next In Line,After Image
122,LAKLAK,THE TEETH
158,Stay,Shakespear's Sister
223,Line To Heaven,Introvoys
375,Bad Case Of Loving You,Robert Palmer
511,Break It Down Again,Tears For Fears
512,All I Want,Toad The Wet Sprocket
513,Creep,Radiohead
532,What's Up,4 Non Blondes
614,THE MORE YOU IGNORE ME,MORRISSEY
660,ORDINARY WORLD,DURAN DURAN
726,Shine,Collective Soul
731,COME UNDONE,DURAN DURAN
1012,Hand In My Pocket,Alanis Morissette
1018,Ironic,Alanis Morissette
1110,Pagsubok,Orient Pearl
1390,Pare Ko,Eraserheads
1474,About A Girl,Nirvana
1514,NO RAIN,BLIND MELON
1518,Paglisan,Color It Red
1748,I'M STILL REMEMBERING,THE CRANBERRIES
1766,3 A.M.,Matchbox 20
1771,Mmmm Sarap,Kamikazee
1823,Paglisan,Color It Red
2993,"RIGHT HERE, RIGHT NOW",JESUS JONES
3057,Ang Huling El Bimbo,Eraser Heads
3103,Don't Speak,No Doubt
3105,ENGLISHMAN IN NEW YORK,Sting
3135,Ha Ha Ha,Eraserheads
3139,Harana,Parokya Ni Edgar
3141,Hard To Believe,Eraserheads
3159,I Love The,Alicia Bridge
3224,One of Us,Joan Orborne
3257,Spoliarium,Eraseheads
3301,Two Princes,Spin Doctors
3307,74-75,The Connels
3345,Black Hole Sun,Sound Garden
3352,Breath Of Life,Erasure
3370,Cats In The Cradle,Ugly Kid Joe
3373,Chains Of Love,Erasure
3442,Good,Better Than Ezra
3452,Gump,Weird Al
3461,Head Over Feet,Alanis Morisette
3462,Heart Shape Box,Nirvana
3497,Bad Case Of Loving You,Robert Palmer
3517,Lithium,Nirvana
3524,Losing My Religion,R.E.M.
3583,Rape Me,Nirvana
3603,Runaway Train,Soul Asylum
3637,Strange Currencies,R.E.M.
3639,Stupid Girl,Garbage
3653,Smells Like Teen Spirit,Nirvana
3672,Tink Of Me,Charles Heart
3676,Twenty-One,Cranberries
3682,Under The Bridge,Red Hot Chili Peppers
3700,When I Come Around,Greenday
3712,Wish You Were Here,Pink Floyd
3720,Wrapped Around Your Finger,Police
3999,Original Prankster,Offspring
4268,MMM MMM MMM MMM,CRASH TEST DUMMIES
4281,Kiss Me,Six Pence None The Richer
4320,There She Goes,Sixpence None The Richer
4345,I Believe I Can Fly,R. Kelly
4362,Head Over Feet,Alanis Morissette
4369,Vulnerable,Roxette
4396,A Night Like This,The Cure
4526,I GOT YOU,James
4544,IF IT MAKES YOU HAPPY,SHERYL CROW
4692,PERFECT,ALANIS MORISSETTE
4704,Pretty Fly,Offspring
4710,REAL REAL REAL,JESUS JONES
4842,TUBTHUMPING,CHUMBAWAMBA
4850,UNION OF THE SNAKE,Bates
4859,WALKING IN MY SHOES,DEPECHE MODE
4961,Won't Cry,Krezip
5006,KALIWETE,ERASERHEADS
5136,Cry In The Rain,Orient Pearl
5144,Halaga,Parokya Ni Edgar
5303,If I Could,Jonathan Davis
5334,Belinda Bye Bye,Barbie's Cradle
5411,You Oughta Know,Alanis Morissette
5422,Blister In The Sun,Violent Femmes
5467,Someday,Sugar Ray
5485,BULOY,PAROKYA NI EDGAR
5505,MAGASIN,ERASERHEADS
5507,MASKARA,ERASERHEADS
5517,Sa Langit,Moonstar 88
5530,Bitch,Meredith Brooks
5540,Everything You Want,Vertical Horizon
5548,Someday,Sugar Ray
5550,You're A God,Vertical Horizon
5557,AKO'Y SA'YO,FIRST CIRCLE
5590,Huwag Mo Nang Itanong,Eraserheads
5638,Prinsesa,The Teeth
5650,SUNTOK SA BUWAN,ERASERHEADS
5663,TRIP MO BA?,FRESHMEN
5664,TUBTHUMPING,CHUMBAWAMBA
5748,Uninvited,Alanis Morissette
5764,THANK YOU,ALANIS MORISSETTE
5770,All The Small Things,Blink 182
5774,TUBTHUMPING,CHUMBAWAMBA
5776,Mmm Mmm Mmm Mmm,Crash Test Dummies
5847,Sabado Nights,Rizal Underground
6072,All The Small Things,Blink 182
6092,All The Small Things,Blink 182
6104,Closing Time,Semisonic
6200,Enola Gay,OMD
6218,JOAN OF ARC,O.M.D
6286,A Night Like This,The Cure
6293,Not If You Were The Last On Earth,Dandy Warhols
6369,Vulnerable,Roxette
6524,Freak On A Leash,Korn
6526,ADRIENNE,The Calling
6550,Complicated,Avril Lavigne
6558,Don't Dream Its Over,Crowded House
6577,I'm With You,Avril Lavigne
6616,Settling,Tara Mclean
6651,Wherever You Will Go,The Calling
6657,Yellow,Coldplay
6663,I JUST SHOT JOHN LENNON,CRANBERRIES
6669,All The Small Things,Blink 182
6682,Salvation,Cranberries
6687,Thank You,Alanis Morissette
6689,What's My Age Again,Blink 182
6690,YOU LEARN,ALANIS MORISSETTE
6711,Buloy,Parokya ni Edgar
6851,Adrienne,The Calling
6860,ENOLA GAY,O.M.D
6862,Everywhere,Michelle Branch
6869,In My Place,Cold Play
6881,Pretty Fly,Offspring
6890,Big Me,Foo Fighters
6896,The Scientist,Cold Play
6906,What's My Age Again,Blink 182
6912,By The Way,Red Hot Chili Peppers
6923,Californication,Red Hot Chili Peppers
6926,Disease,Matchbox 20
6934,Clocks,Cold Play
6962,Closing Time,Semisonic
6963,Crawling,Linkin Park
6977,Free,Lighthouse Family
6981,HIGHER,CREED
7002,All Star,Smash Mouth
7004,My Own Prison,Creed
7005,My Sacrifice,Creed
7133,SOMEDAY,SUGAR RAY
7240,Won't Cry,Krezip
7285,Kaliwete,Eraser Heads
7325,Everything You Want,Vertical Horizon
7382,HALF-LIFE,DUNCAN SHIEK
7386,ON A HIGH,DUNCAN SHIEK
7424,Paglisan,Color It Red
7520,The Day We Caught The Train,Ocean Colour Scene
7541,A Girl Like You,Edwyn Collins
7622,Breath,Michelle Branch
7630,Are You Happy Now,Michelle Branch
7674,THE ZEPHYR SONG,RED HOT CHILI PEPPERS
7683,All You Wanted,Michelle Branch
7688,My Immortal,Evanescence
7704,Noypi,Bamboo
7727,Half A World Away,REM
7758,Limang Dipang Tao,Barbie's Cradle
7762,Ang Aking Lola,Dodie
7766,Bati Na Tayo,Agaw Agimat
7778,Imaginary,Evanescence
7796,Drive,Incubus
7798,Bent,Matchbox 20
7819,Ambi Dextrose,Eraserheads
7830,Boys Don't Cry,Plumb
7841,Fall On Me,Moonstar 88
7847,I'm Sorry,Moonstar 88
7867,The Reason,Hoobastank
7885,Mr. Clay,Bamboo
7888,Our Lives,The Calling
7920,Free Love,Depeche Mode
7928,I Hate Everything About You,Ugly Kid Joe
7942,Road Trippin',Red Hot Chili Peppers
7944,Save Tonight,Eagle Eye Cherry
7946,Taking Over Me,Evansecene
7948,TEENAGE DIRTBAG,WHEATEUS
7951,First Day Of My Life,Rasmus
7979,Zero,Smashing Pumpkins
7980,KING OF PAIN,ALANIS M.
8025,It's Been A While,Staind
8052,Everybody's Fool,Evanescence
8053,Look What You've Done,Jet
8060,Bilanggo,Rizal Underground
8083,Sulat,Moonstar 88
8105,Stupid Girl,Garbage
8107,Taking Over Me,Evanescence
8112,Can We Still Be Friends,Mandy Moore
8118,Could It Be Any Harder,The Calling
8120,Out Of Control,Hoobastank
8126,Welcome To My Life,Simple Plan
8129,Liwanag Sa Dilim,Rivermaya
8133,KLSP,Sponge Cola
8135,Lunes,Sponge Cola
8137,Bulong,Kitchie Nadal
8141,Suntok Sa Buwan,Session Road
8169,True Love,All About Eve
8175,Untitled,Simple Plan
8198,Love Moves In Mysterious...,Nina
8199,Same Ground,Kitchie Nadal
8203,Lightning Crashes,Live
8206,Broken Sonnet,Hale
8209,The Day You Said Goodnight,Hale
8210,Hallelujah,Bamboo
8213,Always,Erasure
8222,Mr. Brightside,The Killers
8230,With Arms Wide Open,Creed
8231,Daughter,Pearl Jam
8233,Feel Good Inc.,Gorillaz
8234,Helena,My Chemical Romance
8238,Jopay,Mayonaise
8242,Masaya,Bamboo
8246,Akap,Imago
8248,Gemini,Spongecola
8252,Kwarto,Sugar Free
8253,Kahit Pa,Hale
8257,High,The Speaks
8259,Stay,Cueshe'
8271,Friday I'm In Love,The Cure
8280,I Alone,Live
8282,My World,Avril Lavign
8290,Monkey Wrench,Foo Fighters
8292,Together,Avril Lavign
8300,Wake Me Up When September Ends,Greenday
8305,Ms. Serious,Shamrock
8309,Somebody Told Me,The Killers
8325,Eddie's Song,Mayonnaise
8335,These Days,Bamboo
8336,Sunshine,Bamboo
8345,Mang Jose,Parokya Ni Edgar
8347,Harapin Ang Liwanag,The Dawn
8360,Kung Wala Ka,Hale
8369,Walking on the Sun,Smashmouth
8372,The One I Love,R.E.M.
8381,Much Has Been Said,Bamboo
8382,Waiting In Vain,Bamboo
8383,F.U.,Bamboo
8384,Narda,Kamikazee
8388,Here Tonight,Hale
8389,Love Me Now Hate Me Soon,Cueshe'
8390,Alipin,Shamrock
8397,Anino,Imago
8422,One Last Breath,Creed
8424,Pretty Vegas,Inxs
8442,Pwede Ba,Soapdish
8452,Toll Gate,Hale
8453,Order Taker,Paokya Ni Edgar and Kamikazee
8455,Trip,6 Cycle Mind
8458,Truth,Bamboo
8472,DANI CALIFORNIA,RHCP
8474,Blue Sky,Hale
8479,DOO BIDOO,KAMIKAZEE
8481,CALL ME WHEN YOU'RE SOBER,EVANESCENCE
8484,SANA,SHAMROCK
8485,BACK TO ME,CUESHE'
8486,Oo,Up Dharma Down
8487,As Long As It Matters,Gin Blossoms
8488,FIRST OF SUMMER,URBANDUB
8491,ALIVE,FRIO
8492,Interstate Love Song,Stone Temple Pilots
8496,IT'S BEEN AWHILE,STAINED
8505,GITARA,PAROKYA NI EDGAR
8510,TARALETS,IMAGO
8513,BITIW,SPONGE COLA
8537,HANGING BY A MOMENT,LIFEHOUSE
8538,WELCOME TO THE BLACK PARADE,MY CHEMICAL ROMANCE
8546,Hold On,Shamrock
8551,DEFINE,HILERA
8555,AMBISYOSO,KAMIKAZEE
8556,HOW TO SAVE A LIFE,THE FRAY
8557,FAMOUS LAST WORDS,MY CHEMICAL ROMANCE
8558,KARMA,ALICIA KEYS
8560,LIPS OF AN ANGEL,HINDER
8568,LITHIUM,EVANESCENCE
8571,IN BETWEEN DAYS,THE CURE
8572,SUPERHERO,ROCKSTEADY
8574,ANGHEL,STONEFREE
8576,HIDE AND SEEK,HALE
8577,BORROWED TIME,CUESHE
8578,GRABE,CRAEONS
8579,TATSULOK,BAMBOO
8580,Paano,Shamrock
8586,Ikaw Lamang,Silent Sanctuary
8592,SOMEDAY,NINA
8600,CRAWL,MARION RAVEN
8609,WHAT I'VE DONE,LINKIN PARK
8611,FOR YOU,THE CALLING
8618,SUNDO,IMAGO
8619,Bakit,Cueshe
8778,TEENAGERS,MY CHEMICAL ROMANCE
8782,Yugyugan,P.O.T.
8785,SKY,CUESHE
8801,Pilit,Hilera
8822,Tanging Ikaw,Shamrock
8836,EWAN,IMAGO
8839,HINTAY,SOAPDISH
8851,PROBINSYANA,BAMBOO
8856,TADHANA,MOONSTAR 88
8867,A LITTLE RESPECT,WHEATUS
8900,AS THE MUSIC PLAYS THE BAND,BAMBOO
8907,Tuyo Ng Damdamin,Silent Sanctuary
8928,Mukhang Pera,The Youth
8932,LIGHT YEARS,BAMBOO
8936,REYNA NG QUEZON CITY,JUANA
8940,WALANG MYSTERYO,IMAGO
8942,Bisrock,Indephums
8951,ALA-ALA,KOLLIDE
8956,DIFFERENT WORLDS,PUPIL
8957,DIRECTOR'S CUT,KAMIKAZEE
8961,ISIPIN,MIGUEL ESCUETA
8971,SO FAR AWAY,BAMBOO
9000,FADE,ORANGE AND LEMONS
9004,Falling Away,Miguel Escueta
9017,Salawikain,MCoy of Orange & Lemons
9019,Ulaw-Ulaw,Assembly Language
9030,ONE LOOK,KWAN
9032,PASUBALI,SPONGECOLA
9040,DRAGONFLY,SPONGECOLA
9064,Burn,Nina Feat Christian Baustista
9071,LIFE'S A JOKE,THE SPEAKS
9103,TENSYONADO,SOAPDISH
9216,SAYANG,STONEFREE
9218,Tinig,Join The Club
9225,BLUE MOON,ORANGE & LEMONS
9243,HEY THERE DELILAH,PLAIN WITE T'S
9249,Call Center,Cambio
9250,Guillotine,Urbandub
9269,Ang Iyong Paalam,The Dawn
9270,Last Look,Chicosci
9271,Heto Na,Concrete Sam
9278,Under Repair,Imago
9295,PROCASTINATOR,SANDWICH
9298,Will You Ever Learn,Typecast
9299,Monobloc,Pupil
9316,Take Me There,Miguel Escueta
9317,MIGRAINE,MOONSTAR 88
9329,WHEN WE WERE YOUNG,DOLORES O'RIORDAN
9343,PASAWAY,CAMBIO
9350,BLEED IT OUT,LINKIN PARK
9351,WHAT I'VE DONE,LINKIN PARK
9357,Wag Kang Matakot,Shamrock
9369,Rakenrol,Marcus Highway
9385,Betamax,Sandwich
9395,Gumising,Delara
9408,Laya,Imago
9409,Penge Naman Ako Niyan,Itcyworms
9411,American Gurl,Marcus Highway
9414,Ingat Ka,Silent Sanctuary
9419,Teka,Paraluman
9420,Disconnection Notice,Pupil
9423,Puso,Spongecola
9430,Kailan,Bamboo
9438,Kundiman,Silent Sanctuary
9442,The Fight Is Over,Urbandub
9451,Selos,Sandwich
9466,Broken,Lifehouse
9468,Sinungaling,Mayonaise
9483,Grace,Kitchie Nadal
9522,Bitin,Mayonnaise
9527,SUPER NOVA,Rocksteddy
9559,DEHADO,Hilera
9576,LUMILIWANAG,Moonstar 88
9579,HIGHWAY,Kitchie Nadal
9588,FX,Pedicab
9589,One,Cueshe
9601,Alapaap,Eraserheads
9649,Use Somebody,Kings Of Leon
9650,Decode,Paramore
9656,Last Days On A Cruise Ship,Bamboo
9678,FIREWOMAN,Hungry Young Poets
9689,I Love You Goodbye,Nina
9763,44317,Archipelago
9768,Dek A Doodle Dandy,Duster
9775,Tabi,Paraluman with Kean of Callalily
9785,So Be It,Hilera
9787,Manila,Sandwich
9788,Ayt,Spongecola
9805,Sulyap,Manibela
9814,Come Back To Me,David Cook
9824,Teacher's Pet,Pupil
9832,Hay Naku,Silent Sanctuary
9841,Leslie,Rocksteddy
9846,Ang Pusa Mo,Pedicab
9853,Idlip,Imago
9908,50 Ways To Leave Your Lover,Bamboo
9921,A Little Respect,Erasure
9924,Scooby Snacks,Fun Loving Criminals
9927,Sit Down (Next To Me),James
9931,Ruby,Kaiser Chiefs
9935,London,Lilly Allen
9938,All About You,Mcfly
9939,In Bloom,Nirvana
9940,The Riverboat Song,Ocean Colour Scene
9947,Shiny Happy People,R.E.M.
9952,Chasing Cars,Snow Patrol
9960,Monster,The Automatics
9976,Stigmatized,The Calling
9980,Speed Of Sound,Coldplay
9981,Viva La Vida,Coldplay
9991,Salita,Angulo
9997,Hanggang Tingin,Kamikazee
10023,Angay Na Ba,Indephums
10051,Bisan Pa,Wet Slippers
10077,Di Madutlan,Assembly Language
10136,Istorya,Assembly Language
10902,Pungaw Ako,4rk Barrel
11001,Hiling,Silent Sanctuary
11004,21 Guns,Greenday
11013,Simulan Mo Na,Pedicab
11016,Hatak,The Dawn
11030,Unang Tikim,Kamikazee
11032,Muli,Bamboo
11036,Torres,Mayonnaise
11070,How Could I,Paraluman
11072,When We Were Young,The Killers
11083,Kalayaan,Bamboo
11084,Binguel Binguel,U-Kiss
11097,Never Say Never,The Fray
11108,Black Horse And The Cherry Tree,KT Tunstall
11112,Human,The Killers
11120,Love Drunk,Boys Like Girls
11135,Never Forget You,Noisettes
11152,Two Is Better Than One,Boys Like Girls ft Taylor Swift
11153,Neutron Star Collision(Love Is Forever),Muse
11154,Careful,Paramore
11157,The Last Of American Girls,Greenday
11162,That's What You Get,Paramore
11164,Brick By Boring Brick,Paramore
11166,Wheels,Foo Fighters
11168,She's Got Me Dancing,Tommy Sparks
11169,Don't Tell Me That It's Over,Amy MacDonald
11180,Gaan,Archipelago
11196,Darkside Of The Sun,Tokio Hotel
11201,Huwag Kang Matakot,Eraserheads
11202,Torpedo,Eraserheads
11203,Tadhana (Ilumina OST),Up Dharma Down
11227,Move Along,The All-American Rejects
11229,Paralyzer,Finger Eleven
11232,The Great Escape,Boys Like Girls
11233,Whatever It Takes,Lifehouse
11235,December,Collective Soul
11238,Moving,Malay
11239,Alay,Kamikazee
11242,Foolish Heart,Nina
11245,SPOLIARIUM,IMAGO
11275,These Hard Times,Matchbox Twenty
11323,Paper Planes,M.I.A.
11343,Do Wah Doo,Kate Nash
11349,Hollywood,Marina And The Diamonds
11352,Monsoon,Tokio Hotel
11373,What If,Kate Winslet
11375,Shampain,Marina and the Diamonds
11377,Na na na,My Chemical Romance
11382,Down With The Sickness,Disturbed
11396,Ayos Lang Ako,Rocksteddy
11399,Going Nowhere,Hilera
11405,This Kind Of Silence,Typecast
11407,Waiter,Eevee
11408,Wasak Watlz,Ely Buendia ft Fancis M
11412,What's Your Poison,Chicosci
11443,Pack Up,Eliza Doolittle
11462,Shine A Light,McFly ft Taio Cruz
11470,Lumapit,Archipelago
11491,Marry Me,Train
11507,Paasa,All For Patricia
11515,Sa Silid,SLEX
11518,Skinny Genes,Eliza Doolittle
11529,Patunayan,Silent Sanctuary
11537,Song For The Suspect,Franco
11539,Sandata,Shamrock
11552,Ligaw,Ney Dimaculangan
11573,Bamboo Medley,Bamboo
11607,Space Bound,Eminem
11609,Sari-saring Kwento,Champ Lui Pio feat. Noel Cabangon and Gloc 9
11610,Muli,Ebe Dancel
11612,Monster,Paramore
11622,A Perfect Place,Stonefree
11625,Lighters,Bad Meets Evil ft. Bruno Mars
11628,Never Gonna Leave This Bed,Maroon 5
11635,Your Love,Marie Digby
11645,Bagong Sigaw,Bamboo
11655,Come As You Are,Nirvana
11672,Angel,Sarah Mclachlan
11673,Cool Off,Session Road
11686,Without You,Aj Rafael
11690,Questions,Bamboo
11705,Every Teardrop Is A Waterfall,Coldplay
11718,Castaway,Franco
11719,Touch The Sky,Franco
11720,Anyone Of Us (Stupid Mistake),Gareth Gates
11727,Megalomaniac,Incubus
11744,Take Me Away,Lifehouse
11768,STARGAZER,SPONGE COLA
11773,Chasing The Sun,The Calling
11794,Bagsakan,Parokya Ni Edgar Ft Francis M. & Gloc 9
11834,Breathe Again,Chicosci
11853,We Are Young,Fun ft Janelle Monae
11865,Somebody That I Used To Know,Goyte
11866,Paalam Kahapon,Ebe Dancel
11869,1985,Bowling for Soup
11870,Know Your Enemy,Green Day
11873,Boulevard Of Broken Dreams,Green Day
11874,Let The Drummer Kick,Citizen Cope
11884,A Beautiful Lie,30 Seconds To Mars
11887,Feeling A Moment,Feeder
11889,Distraction,Angels & Airwaves
11890,Da Facebook Song (Ang Ganda-Ganda Mo),Tanya Markova
11893,When We Collide,Matt Cradle
11896,Everywhere Everything,This Century
11897,Kiss Me Again,We Are In The Crowd ft Alex Gaskarth
11909,Mahirap Magmahal Ng Syota Ng Iba,Hilera
11937,Eyes Open,Taylor Swift
11964,Ikot Ng Mundo,Bamboo
11965,Peace Man,Bamboo
11981,I Wanna Touch You,Drop Decay
11985,Houdini,Foster The People
11987,Some Nights,Fun
11994,Huling Sayaw,Kamikazee Feat. Kyla
12062,ALL,TO THE ENDS
12064,AM I TO BELIEVE,To The Ends
14001,Jansori,The Nuts
14012,CREEP,Radiohead
14037,All Apologies,Nirvana
14038,BOYS DON'T CRY,THE CURE
15011,Burn It Down,Linkin Park
15023,Colossal Youth,Moonpools And Caterpillar
15024,Hear,Moonpools And Caterpillar
15042,Skin,Grin Department
15053,One Headlight,The Wallflowers
15066,Gangnam Style,Psy
15096,Autopilot,Cambio
15099,Blanko,Session Road
15114,Mahiwaga,Join The Club
15117,I Can't Make You Love Me,Nina
15120,Pa'no Nangyari Yun,Mayonnaise
15122,Hump De Bump,Red Hot Chili Peppers
15124,Gising Na,Rocksteddy
15129,"Endless, A Silent Whisper",Urbandub
15133,Too Close,Alex Clare
15155,It's Time,Imagine Dragon
15175,Umagang Kay Ganda,Bamboo
15187,The Dolphin's Cry,Live
15199,Bago Mahuli Ang Lahat,Never The Strangers
15209,Paalam,Silent Sanctuary
15222,The Freshmen,Verve Pipe
15224,Turn It Well,Up Dharma Down
15245,Barely Breathing,Duncan Sheik
15249,Wo Oh,Kamikazee
15252,Love Kita Noon,Haganas
15291,KPL,The Oktaves
15311,Scared To Death,KZ Tandingan
15316,Trip To Jerusalem,Eraserheads
15318,In This Life,Bamboo
15322,Sabi Nila,Agaw Agimat
15323,Receive,Alanis Morissette
15329,Bawat Daan,Ebe Dancel
15342,Hello World,Sick But Not Tired
15361,I Will Wait,Mumford & Sons
15362,My Songs Know What You Did In The Dark,Fall Out Boy
15375,Someone,The Rembrandts
15376,If You Could See Me Now,Script
15387,Better Days,Franco
15396,Demons,Imagine Dragons
15410,Difference,Light Of Luna
15414,Madness,Muse
15420,Pick Your Poison,Sponge Cola
15433,You Still Have A Long Way To Go,Typecast
15437,Walang Iba,Ezra Band
15442,Carousel,Bamboo
15448,Bubble,Yelle
15453,Charade,Drop Decay
15454,Give Me Love,Ed Sheeran
15455,The Phoenix,Fall Out Boy
15458,Haunted,Ely Buendia
15459,Hiling,Frio
15464,Balewalang Pag-ibig,Join The Club
15487,Stranger,Secondhand Serenade
15489,Amygdala,She's Only Sixteen
15497,Tsismosa,Kley
15503,Heartbreak Girl,5 Seconds Of Summer
15537,Animal,Neon Trees
15538,Bestfriend,Not Informed
15550,Sa Bingit Ng Isang Paalam,Spongecola
15555,Tinig,Pathway
15592,Gilid,Moonstar 88
15593,Ligaw,Moonstar 88 Feat Chito Miranda
15601,Puro Laro,KZ Tandingan
15602,Pwede Ba,Midnight Meetings
15611,High,Save Me Hollywood
15613,Segundo,Yael Yuzon
15625,Malaya Ka Na,Armchairs
15637,Drown,Rocksteddy
15640,Chupoy Chupoy,Hoodlum
15643,Insekto,Pedicab
15651,Luna,Up Dharma Down
15676,Promises,Cranberries
15711,Sembreak,Eraserheads
15713,Fill Her,Eraserheads
15714,Carry On,Fun
15730,Royals,Lorde
15758,Frailty,Urbandub
15790,All Alright,Fun
15791,One Foot,Fun
15792,Why I Am The One,Fun
15809,Naghihintay,Jacob
15813,New Age Girl,Dead Eye Dick
15825,Shake Yer Head,Eraserheads
15833,Paakyat Ka Pa Lang Pababa Na Ako,Oktaves
15840,My Girl,Willy Moon
15869,Hamon Ng Buhay,Chito Miranda
15876,Everything,Lifehouse
15879,To Survive,Franco
15912,Cool Off,Verzikhulo
15918,Say Something,A Great Big World & Christina Aguilera
15937,Bleeding Out,Imagine Dragons
15949,Save Me,Remy Zero
15951,Changes,Save Me Hollywood
15954,Abot Langit,Silent Sanctuary
16010,Team,Lorde
16012,Paraan,Mayonaise
16040,She Looks So Perfect,5 Seconds Of Summer
16042,All I Really Want,Alanis Morisette
16044,Beds Are Burning,Midnight Oil
16068,Ikaw Pa Rin,Juana
16072,Kislap,Kamikazee
16079,Otso Pa,Grin Department
16080,Ulitin,P.O.T.
16082,Love Rollercoaster,Red Hot Chili Peppers
16088,Sumisigaw,Orient Pearl
16093,Indak,Updarma Down
16101,Alive,Pearl Jam
16115,Tabing Ilog,Barbie's Cradle
16118,Magic,Coldplay
16124,Gamu-Gamo,Pupil
16138,Parang,Mayonnaise
16148,Singapore Sling (Dahil Kilala Na Kita),Spongecola
16155,Torpe,Barbie's  Cradle
16170,Sleeping With A Friend,Neon Trees
16179,All I Need,Barbie's Cradle
16191,Kapit,Imago
16197,Sex On Fire,Kings Of Leon
16206,Real,Plumb
16211,Sama-Sama,Silent Sanctuary
16222,Don't Stop,5 Seconds Of Summer
16225,A Sky Full Of Stars,Coldplay
16228,I'm Ready,AJR
16233,Budapest,George Ezra
16267,Happier This Way,Save Me Hollywood
16271,Synesthesia,Mayonnaise
16276,Pressure,Youngblood Hawke
16282,Stereo,Gym Class Heroes ft Adam Levine
16285,Tennis Court,Lorde
16289,Like A Stone,Audioslave
16290,Bakit Part 2,Mayonnaise
16321,Animal,Pearl Jam
16327,Sa'yo,Silent Sanctuary
16331,Semi Charmed Life,Third Eye Blind
16343,Stay High,Tove Lo ft. Hippie Sabotage
16347,Amnesia,5 Seconds Of Summer
16367,Angels Or Devils,Dishwalla
16369,Habulan,The Dawn
16382,Panaginip,P.O.T.
16407,3005,Childish Gambino
16422,Every Little Thing,Dishwalla
16424,Sabado,Eraserheads
16450,Come With Me Now,Kongos
16456,Man In The Box,Alice In Chains
16474,Walang Nagbago,Eraserheads
16482,Nahihibang,Join The Club
16488,Porta,Mayonnaise
16503,1979,The Smashing Pumpkins
16509,Good Girls,5 Seconds Of Summer
16521,Counting Blue Cars,Dishwalla
16522,Halik Sa Hangin,Ebe Dancel Feat. Abra
16524,Milk And Money,Eraserheads
16561,Creep,Stone Temple Pilots
16565,Bullet With Butterfly Wings,The Smashing Pumpkins
16570,Best I Ever Had,Vertical Horizon
16573,Forgiveness,Collective Soul
16582,Ink,Coldplay
16609,So Far Away,Staind
16631,Poorman's Grave,Eraserheads
16635,Nothing New,Hilera
16652,Hiling,Paramita
16656,Hindi Ko Naisip,Rockstar 3
16661,Listen,Stonefree
16668,Bringing Home the Ashes,The Wild Swans
16678,Maabot Ka Lang,Orient Pearl
16681,Take Me To Church,Hozier
16682,Somedays,Audioslave
16693,Cool Kids,Echosmith
16696,Money For Food,Barbie's Cradle
16699,Blind,Lifehouse
16732,Ikot,Stonefree
16740,Sound Of A Gun,Audioslave
16768,Kismet,Silent Sanctuary
16770,Loose Wires,Kenna
16793,Galit Sa Mundo,Teeth
16795,Kapag Nagunaw Ang Mundo,The Youth
16806,Drown,Bring Me The Horizon
16813,Bright,Echosmith
16814,Bloodstream,Ed Sheeran
16820,Sampayan,Grin Department
16822,Hari Ng Sari Sari,Boneheads
16827,I Miss You,Incubus
16831,Hold Back The River,James Bay
16834,Magulo Buhay Ng Tao,The Youth
16836,Nothing Without Love,Nate Ruess
16850,Stuff Toy,Grin Department
16852,Fed Up,Talata
16854,Tugtugan Na,The Teeth
16856,Time Space Warp,Balahibumpooza
16857,What I Like About You,5 Seconds of Summer
16868,Ceiling,Typecast
16875,68 Dr. Sixto Avenue,Eraserheads
16911,Sa Piling Mo,Silent Sanctuary
16927,Stolen,Dashboard Confessional
16928,Dusk 'Til Dawn,Glaiza De Castro
16931,Lonely Road,Everlast
16934,Unstrung Heroes,Francis Magalona ft Ely Buendia
16948,Tayo Na Lang Dalawa,Mayonnaise
16953,Sabay,Never The Strangers
16961,Room 21,Hinder
16963,Your Call,Secondhand Serenade
16964,Shout,Ross Copperman
16975,Tear in my Heart,Twenty One Pilots
16985,Cutterpillow,Eraserheads
16991,Hey Jay,Eraserheads
16992,Waiting For The Bus,Eraserheads
16993,Shirley,Eraserheads
17001,Julie Tearjerky,Eraserheads
17023,Shine,The Skies Of America
17040,Pagsilang,Join The Club
17051,Maselang Bahaghari,Eraserheads
17052,Slo Mo,Eraserheads
17057,Moonset,Franco
17068,Kananete,Eraserheads
17075,If I'm Wrong,Lunar Lights
17081,Secret,OMD
17091,Bloodstream,Stateless
17093,Tao Po,The Youth
17102,Can't Feel My Face,The Weeknd
17124,Feelings,Up Dharma Down
17153,Hanggang Wala Nang Bukas,Ebe Dancel
17162,1995,Eraserheads
17191,Roots,Imagine Dragons
17201,Back To Good,Matchbox 20
17203,Absolutely (Story Of A Girl),Nine Days
17216,Perpekto,Dong Abay
17224,20/20,Pupil
17225,A New Tattoo,Urbandub
17233,Around The World,Red Hot Chili Peppers
17248,Hey Everybody,5 Seconds Of Summer
17258,Allison Road,Gin Blossoms
17287,The Hills,The Weeknd
17307,Breakfast At Tiffanys,Deep Blue Something
17314,Found Out About You,Gin Blossoms
17333,Pasensya Ka Na,Silent Sanctuary
17334,Ana's Song (Open Fire),Silverchair
17338,Ex's & Oh's,Elle King
17340,Renegades,X Ambassadors
17349,Born To Die,Lana del Rey
17364,Erase Me,Kid Cudi
17366,Falls Apart,Sugar Ray
17378,Immortalized,Disturbed
17384,0.125,Kate Nash
17386,Jet Black Heart,5 Seconds Of Summer
17388,A Call to Arms,Urbandub
17396,At or With Me,Jack Johnson
17397,Awake My Soul,Mumford & Sons
17407,Brick,Ben Folds Five
17409,Buak,Indephums
17418,Come Around,Rhett Miller
17425,Dog Days Are Over,Florence And The Machine
17426,Don't Wait,Dashboard Confessional
17433,Extraordinary,Mandy Moore
17435,Falling In Love Again,Eagle Eye Cherry
17447,Goodbye,Juana
17476,Scar Tissue,Red Hot Chili Pepper
17477,Come Out And Play,The Offspring
17490,Anna Sun,Walk The Moon
17495,Been It,The Cardigans
17504,Desire,Gene Loves Jezebel
17505,Did You Get My Message,Jason Mraz
17510,All Of The Stars,Ed Sheeran
17515,Face In The Woods,Urbandub
17519,(Forever) Live And Die,OMD
17522,Hands Down (Acoustic Version),Dashboard Confessionals
17541,Kahit Sa Panaginip Lang,Join The Club
17545,Lovefool,The Cardigans
17551,Here,Alessia Cara
17566,Loser,Beck
17570,You Can't Be Right,Mayonnaise
17572,King Of The World,Weezer
17574,Stressed Out,Twenty One Pilots
17582,All American Nightmare,Hinder
17586,Are You In,Incubus
17590,Belle Of The Boulevard,Dashboard Confessional
17591,Black Balloon,Goo Goo Dolls
17595,Breathing,Lifehouse
17596,Building A Mystery,Sarah Mclachlan
17599,Cannonball (Acoustic),Damien Rice
17607,Deep Inside Of You,Third Eye Blind
17619,Evidence,Urbandub
17624,Fly,Sugar Ray  ft Supercat
17628,Forever,Vertical Horizon
17635,Hands,The Ting Tings
17636,Hands Clean,Alanis Morissette
17658,"Perhaps, Perhaps, Perhaps",Cake
17672,Clint Eastwood,The Gorrilaz
17680,Up Dharma Down Medley,Up Dharma Down
17691,Araw Oras Tagpuan,Spongecola
17696,Hymn For The Weekend,Coldplay
17713,Flight,Lifehouse
17714,Get Me Right,Dashboard Confessional
17751,Call You Out,Flyleaf
17773,Bound For The Floor,Local H
17775,Chasing Stars,Lunar Lights
17776,Sa Aking Pagpikit,Midnight Meetings
17780,Worlds Collide,Plumb
17784,Accidently Kelly Street,Frente
17801,Be Your Everything,Boys Like Girls
17827,Eyes Wide Open,Gotye
17828,Fall Apart,Every Avenue
17844,Guardian,Alanis Morissette
17853,Death Of A Bachelor,Panic At The Disco
17863,Di Na Kita Mahal,Silent Sanctuary
17868,Forgive Forget,Caligola
17875,Last Kiss,Pearl Jam
17878,Imahinasyon,TJ Monterde
17879,Buddy Holly,Weezer
17907,Sana Mali,Moonstar 88
17928,Up And Up,Coldplay
17934,I Hate You I Love You,Gnash ft. Olivia O'brien
17944,Always The Last To Know,Del Amitri
17945,Design For Life,Manic Street Preachers
17965,Swallowed,Bush
17966,Adam's Song,Blink 182
17967,Brain Stew / Jaded,Green Day
17968,Good Riddance (Time Of Your Life),Greenday
17970,Cheap Thrill,Pupil
17973,Five Ever,Mayonnaise
17975,Coda,Sponge Cola
17982,All In,Lifehouse
17999,Echo,Vertical Horizon
18007,Follow You Down,Gin Blossoms
18008,Ghost Of A Good Thing,Dashboard Confessional
18009,Gone,Urbandub
18015,No Time For It,Fantasia
18024,Talk Me Down,Troye Sivan
18047,Supernova Scum,The Youth
18051,Heathens,Twenty One Pilots
18064,The Killing Moon,Echo and The Bunnymen
18065,Girlfriend,Kamikazee
18066,She's Kinda Hot,5 Seconds Of Summer
18076,Blood Hands,Royal Blood
18078,Guillotine,Urbandub
18081,End Of The Dream,Evanescence
18084,Almost Lover,A Fine Frenzy
18094,Do You Love Me,The Contours
18104,I Didn't Know I Was Looking For Love,EBTG
18121,I Miss You,Blink 182
18161,Somewhere In Between,Lifehouse
18165,Tenderness,General Public
18169,The A Team,Ed Sheeran
18175,Thunder,Boys Like Girls
18178,Anyone Can Play Guitar,Radiohead
18183,A Twist In My Story,Secondhand Serenade
18190,This Century,Bleach Blonde
18193,Cat And Mouse,The Red Jumpsuit Apparatus
18207,Hey Jealousy,Gin Blossoms
18252,Hiram Na Buhay,No Bail Band
18253,Voodoo Doll,5 Seconds Of Summer
18274,Paraan,Sharlene San Pedro
18275,Girls Talk Boys,5 Seconds of Summer
18315,Another Love,Tom Odell
18325,I'm Gonna Be (500 Miles),The Proclamers
18352,Open Up Your Heart (And Let The Sunshine In),Frente
18359,Strangers By The Day,Shades Apart
18368,Larawan,Eevee
18369,American Idiot,Greenday
18372,Sick Of Myself,Matthew sweet
18374,Pariwara,Itchyworms feat. Ely Buendia
18405,The Heart Never Lies,McFly
18406,Losing Control,Faintlight
18410,Taking Off,One Ok Rock
18420,I Write Sins Not Tragedy,Panic At The Disco
18450,Falling In,Lifehouse
18466,Home,Gabrielle Aplin
18470,Slow Chemical,Finger Eleven
18476,Kamasupra,Eraserheads
18478,Hang,Matchbox20
18488,Don't Dream It's Over,Sixpence None The Richer
18497,I Think I'm Paranoid,Garbage
18502,LA Devotee,Panic At The Disco
18513,Salvation,Gabrielle Aplin
18541,Ride,Twenty One Pilots
18547,Pause,Gracenote
18555,My Heart Is Broken,Evanescence
18561,Ung Tagalog,Kamikazee
18562,What's The Frequency Kenneth,R.E.M
18571,You Said No (Crash And Burn),Busted
18573,She,Greenday
18576,Butterflies,Spongecola
18589,Crashed The Wedding,Busted
18594,Firepower,Bamboo
18601,Still Breathing,Green Day
18603,Talk Shows On Mute,Incubus
18607,Call,Bamboo
18610,Better Man,Pearl Jam
18634,Cancer,My Chemical Romance
18636,Smile Again,The Manhattan Transfer
18651,Love You Madly,Cake
18652,Good Vibes,Quest feat Mayonnaise
18669,Five Minutes To Midnight,Boys Like Girls
18670,Kapag Lasing Ka Lang Malambing,Mayonnaise
18673,Perfectly Perfect,Simple Plan
18720,Heavy Dirty Soul,Twenty One Pilots
18729,Ride,Twenty One Pilots
18736,No Greater Love,Clara Benin
18745,I Will,Matchbox 20
18746,California,Phantom Planet
18747,Bang And Blame,R.E.M.
18752,Damn Regret,The Red Jumpsuit Apparatus
18762,So Long Sweet Summer,Dashboard Confessional
18763,Suppose,Second Hand Serenade
18769,Cinnamon And Lipstick,FM Static
18771,Come On Get Higher,Matt Nathanson
18809,Car Radio,Twenty One Pilots
18825,We Know The Way,"Opetaia Foa'i, Moana"
18837,Butterfly,Crazy Town
18849,Girlfriend In A Coma,The Smiths
18856,Ever Enough,A Rocket To The Moon
18862,Lambing,Silent Sanctuary
18869,Leaving Town,Dexter Freebish
18871,Sick Cycle Carousel,Lifehouse
18872,Disenchanted,My Chemical Romance
18874,American Girls,One Ok Rock
18875,Scars,Papa Roach
18879,Dirty Little Secret,The All American Rejects
18887,Dekada,Join The Club
18903,Please Don't Say You Love Me,Gabrielle Aplin
18906,Tsinelas,Kamikazee
18914,Physical,The Aces
18930,Hard Times,Paramore
18938,Last Train Home,FM Static
18939,Run Every Time,Gavin DeGraw
18957,Pangako,Northdrive
18959,Wish,Coward
18960,Before It's Too Late,Goo Goo Dolls
18961,Notion,Kings Of Leon
18962,Pink White Blue,Mayonnaise
18978,Salamat Na Lang,Shamrock
26009,I Go Crazy,Flesh For Lulu
26016,Told You So,Paramore
26020,Hear You Me,Jimmy Eat World
26028,Hypnotised,Coldplay
26031,Green Light,Lorde
26036,Sunday Morning,The Bolshoi
26049,Don't You Give Up On Me Now,Lissie
26075,Hey Now,FM Static
26079,Lutang,Ely Buendia And Itchyworms
26080,I Don't Love You,My Chemical Romance
26081,Histrionics,Popsicle
26088,Charlie Brown,Coldplay
26110,Bilog,Gracenote ft Yeng Constantino
26134,ILYSB,Lany
26142,Fixed,New Hope Club
26145,T.V. Man,The Bolshoi
26155,Unguarded Moment,The Church
26165,Spell,Marie Digby
26170,Heels Over Head,Boys Like Girls
26171,Insomnia,Hilera
26172,Here In My Heart,Mayonnaise
26174,My Heroine,Silverstein
26175,Bahaghari,Spongecola
26176,Surrender,Billy Talent
26186,Dead,My Chemical Romance
26198,The Judge,Twenty One Pilots
26215,Today,Willamette Stone
26216,Amen,Frio
26247,Bad Liar,Selena Gomez
26253,Pumped Up Kicks,Foster The People
26254,Macy's Day Parade,Greenday
26255,I've Got You,Mcfly
26256,Smile In Your Sleep,Silverstein
26270,Sandali Lang,Silent Sanctuary
26277,Candy,Iggy pop
26279,Playing God,Paramore
26316,Believer,Imagine Dragons
26320,Everyday Is Like Sunday,Morrissey
26337,Hudas,Bamboo
26351,New York and Back,Leanne and Naara
26363,Nababaliw (Acoustic),Letterday Story
26368,Like We Used To,A Rocket To The Moon
26386,Tersera,Mayonnaise
26412,Location,Khalid
26431,Big Empty,Stone Temple Pilots
26432,We All Roll Along,The Maine
26447,POV,McFly
26452,Lightyears,Eraserheads
26455,Maniwala Ka,Hungry Young Poets
26477,Feel It Still,Portugal The Man
26489,Amie,Damien Rice
26498,Enough Said,Aaliyah ft Drake
26512,One,Creed
26515,Chubibo,Fig Newton
26522,Talking To Myself,Linkin Park
26525,One More Light,Linkin Park
26526,Naghihintay,Iktus
26529,Vindicated,Dashboard  Confessional
26535,I Miss You,Beyonce
26551,Me,Teeth
26560,Pag-Agos,Up Dharma Down
26565,Circle,Edie Brickel and New Bohemians
26567,Super Far,Lany
26577,Shiver,Coldplay
26579,Stealing Heart,Chicosci
26620,Otherside,Red Hot Chili Peppers
26623,Tourniquet,Evanescence
26624,Gorgeous,Gene Loves Gezebel
26638,Hiwaga,Up Dharma Down
26650,Malayo Na Tayo,Silent Sanctuary
26659,Soon,Moonpools and Caterpillars
26689,Bizarre Love Triangle,Frente
26715,High End,Tanya Markova
26717,Tempura,Sponge Cola
26720,Rose Colored Boy,Paramore
26724,Fake Happy,Paramore
26773,If I Am,Nine Days
26775,Bitterness,The Wild Swans
26791,Somewhere In the Middle,Dishwalla
26803,Liability,Lorde
26806,Just Like Heaven,The Cure
26823,Dahan,December Avenue
26830,Snow (Hey Oh),Red Hot Chili Peppers
26853,Dito Tayo Sa Dilim,Pedicab
26858,Crazy For You,Sponge Cola
26861,Love Song,The Cure
26866,A Stranger Song,Marit Larsen
26867,Patay Sindi,Stellar
26869,Nice Piece of Art,Fm Static
26887,Tagu-Taguan,Moira Dela Torre
26894,Sana,Up Dharma Down
26895,Cancer,Twenty One Pilots
26962,Demonyo (Redefined),Juan Karlos Labajo
26963,On The Loose,Niall Horan
26990,Wild Things,Alessia Cara
26996,Pink Skies,LANY
27014,Una,Spongecola
27028,Bulong,December Avenue
27030,This Song Saved My Life,Simple Plan
27052,Call Out My Name,The Weeknd
27053,Want You Back,5 Seconds Of Summer
27069,Crush Crush Crush,Paramore
27092,I'll Be There For You,The Rembrandts
27093,This Is Day,The The
27096,Would,Alice In Chains
27099,Vulnerable,Secondhand Serenade
27100,Ocean Avenue,Yellowcard
27114,Paranoid,Lauv
27123,Disconnected,The Red Jumpsuit Apparatus
27125,Remember To Breathe,Dashboard Confessional
27130,Right Girl,The Maine
27135,Us,James Bay
27144,Kung 'Di Rin Lang Ikaw,December Avenue ft. Moira Dela Torre
27152,Buwan,Juan Karlos Labajo
27160,Happily Ever After,David Choi
27163,Say Amen,Panic! At The Disco
27172,Ang Ating Araw,Dicta License
27182,Youngblood,5 Seconds Of Summer
27187,Ilaw Sa Daan,IV Of Spades
27188,In My Prison,IV Of Spades
27222,Thru These Tears,LANY
27237,Sa Ngalan Ng Pag-ibig,December Avenue
27273,Clouds,Any Name's Okay
27274,Fantasy,Anya Marina
27277,Kahit Di Mo Alam,December Avenue
27278,Sana,I Belong To The Zoo
27281,Caught In The Middle,Paramore
27286,I'll Always Be Grateful,A House
27336,Hero Heroine,Boys Like Girls
27338,"If You Need To, Keep Time On Me",Fleet Foxes
27353,If You See Her,Lany
27357,Maybe The Night,Ben&Ben
27372,Malibu Nights,Lany
27411,Respeto,Gracenote
27414,Nanay Tatay,Chud Festejo
27425,The Beginning,One Ok Rock
27430,I Don't Wanna Love You Anymore,LANY
27473,Turn It Off,Paramore
27474,Stay Close Don't Go,Secondhand Serenade
27475,Hold Me Twice,FM Static
27478,Tell Her You Love Her,Echosmith
27484,Mawala Ka,Silent Sanctuary
27517,Sometimes Always,The Jesus & Mary Chain
27525,Hope Is A Dangerous Thing For A Woman Like Me To Have,Lana Del Rey
27579,Lightning Bolt,Jake Bugg
27587,Chlorine,Twenty One Pilots
27598,Hero,Family Of The Year
27602,Somebody Out There,A Rocket To The Moon
27604,Di Ka Mahirap Mahalin,Silent Sanctuary
27607,Gusto Ko Lang,Mayonnaise
27610,Bawat Kaluluwa,Four Of Spades
27611,Thick And Thin,LANY
27612,Lie To Me,5SOS
27655,Balang Araw,I Belong To The Zoo
27662,Nag-iisa,Frio
27664,Panaginip,Mayonnaise
27665,Better Than Me,Hinder
27668,Phantoms,Sponge Cola
27717,Pabango Ng Yong Mata,Orange and Lemons
27725,Hanggang Dulo,Paraluman
27729,Aurora Sunrise,Franco
27776,Be Alright,Dean Lewis
27781,On Top of the World,Boys Like Girls
27787,Doom Days,Bastille
27851,Hilak,Musikada Band
28011,idontwannabeyouanymore,Billy Eilish
28018,Easier,5 Seconds Of Summer
28040,Butterscotch,Eraserheads
28049,Huling Sandali,December Avenue
28091,I Promise,Radiohead
28114,Hang,Matchbox 20
28121,Kody,Matchbox 20
28193,Lunes,Join The Club
28236,1901,Phoenix
28237,True Love Waits,Radiohead
28242,Totoo,Soapdish
28243,Teeth,5 Seconds Of Summer
28263,Pag-ibig Na Walang Balik,Imago
28266,I'll Be Back Someday,Tegan and Sara
28268,Don't Stop Dancing,Creed
28270,Pyro,Kings Of Leon
28279,Hollywood's Bleeding,Post Malone
28304,Darkside,Blink 182
28316,Clementine,Halsey
28319,Love Again,New Hope Club
28320,Trampoline,Shaed with Zayn
28330,Leave Out All The Rest,Linkin Park
28342,Si Caloy,Haganas
28345,Diksyonaryo,The Chongkeys
28399,Nightshade,The Lumineers
28403,Let Me Down Slowly,Alec Benjamin
28431,I Think I'm Okay,Machine Gun Kelly Yungblud & Barker
28438,Everyday Life,Coldplay
28445,Imahe,Magnus Haven
28446,Can't Stop,Red Hot Chili Peppers
28469,Pag-Ibig Sa Tabing Dagat,Orange & Lemons
28472,Kalawakan,Juan Karlos
28473,Mean It,Lauv & LANY
28485,Ingat,I Belong To The Zoo
28486,Hot Girl Bummer,Blackbear
28494,Muling Magbabalik,December Avenue
28504,SUGA's Interlude,Halsey
28508,Nighttime,Russ
28521,Awit Ng Kambing,Dong Abay
28522,Balita,I Belong To The Zoo
28526,Kahimanawari,Dong Abay
28530,Wish You Were Here,Incubus
28531,Put A Little Love On Me,Niall Horan
28540,Paano Kung,Juris
28546,Nightmare,Halsey
28585,Buttercup,Jack Stauber
28588,Using You,Mars Argo
28604,Break The Chain,Gene Loves Jezebel
28613,Bad Child,Tones And I
28616,Seen It All,Jake Bugg
28619,The Night We Met,Lord Huron
28620,Because The Night,Patti Smith Group
28631,The Kids Are Coming,Tones And I
28639,Mayonnaise Medley,Mayonnaise
28644,Count To Ten,Grin Department
28654,Only Wanna Be With You,Hootie And The Blowfish
28670,It's The End Of The World As We Know It,R.E.M
28678,Every Morning,Sugar Ray
28684,Bang,AJR
28688,Invisible Things,Lauv
28696,Big Bang Baby,Stone Temple Pilots
28708,Caution,The Killers
28710,Andalusian Dog,Eraserheads
28729,Simmer,Hayley Williams
28751,Run,Joji
28762,Monsters,All Time Low ft. Blackbear
28765,Napapaligiran,The Good Times x Rico Blanco
28792,Walls,Louis Tomlinson
28798,Dance Of The Clairvoyants,Pearl Jam
28800,Level Of Concern,Twenty One Pilots
28822,Kalangitan,Chiquerella
28834,Pahirapan,Mayonnaise ft I Belong To The Zoo
28840,The Game,Echo And The Bunnymen
28850,Parasite Eve,Bring Me The Horizon
28865,If This Is The Last Time,Lany
28882,It's You,Ali Gatie
28884,Dyad,Dong Abay
28886,Seven Black Roses,Chicosci
28887,Hanggang Kailan Kita Mahihintay,Ebe Dancel
28890,Landas,Magnus Haven
28892,Jumpsuit,Twenty One Pilots
28899,Wild Flower,5 Seconds Of Summer
28913,Dead Horse,Hayley Williams
28923,I Need Help,Fitz And The Tantrums
28933,Good Guys,LANY
28935,Oh My My,Blue October
28937,Sampaguita,Juan Karlos Ft. Gloc 9
28939,Multo,Magnus Haven
28942,Insomya,Eraserheads
28951,Feeling Sorry,Paramore
28971,Great Big Storm,Nate Ruess
28977,Warning,Incubus
28978,For My Dearly Departed,Franco
28987,Mariposa,Peach Tree Rascals
28998,Sweet and Low,Augustana
28999,Skeletons,Brothers Osborne
29011,Kill My Mind,Louis Tomlinson
29016,White Blood,Oh Wonder
29031,The Light,Disturbed
29038,Na Naman,Color It Red
29040,Rain,Jet Black Joe
29041,My Ex's Bestfriend,Machine Gun Kelly ft. Blackbear
29059,Sa Paghimig Mo,December Avenue
29060,Can't Take My Eyes Off You,Muse
29063,Left Alone,Blink 182
29069,I'm Born To Run,American Authors
29070,Kumander,Mayonnaise
29084,Reyna Prinsesa,Circle Of Willies
29143,Lapastangan,St. Wolf
29149,It's Not For Me,Maris Racal
29151,Teardrops,Bring Me The Horizon
29152,Easy Tonight,Five For Fighting
29153,Last Resort,Papa Roach
29161,Like A Knife,Secondhand Serenade
29162,The Boston Drama,Typecast
29167,The Pretender,Foo Fighters
29212,Agimat,Kamikazee
29227,13,Lany
29263,4EVER,LANY
29264,Drugs & The Internet,Lauv
29274,Ang Kutis,Mayonnaise x Barbie Almalbis
29287,Dapit Hapon,Ebe Dancel
29293,Break My Heart Again,Finneas
29298,Rooster,Alice In Chains
29310,Can You Feel The Sun,MISSIO
29318,Chemicals,The Vamps
29331,Helpless,Rhye
29338,Wherever You Are,5 Seconds Of Summer
29341,In Pieces,Linkin Park
29343,Heart Won't Let Me,LANY
29352,Heroes,The Wallflowers
29415,Sofia,Clairo
29455,Backyard Boy,Claire Rosinkranz
29457,Nobody Else,LANY
29459,BS,Still Woozy
29496,Ibang Planeta,ZILD
29498,Doin Time,Lana Del Rey
29502,Unti-Unti,Up Dharma Down
29517,Save Your Tears,The Weeknd
29532,Self Esteem,The Offspring
29533,Unsteady,X Ambassadors
29534,All That I've Got,The Used
29535,Sleeping With The Light On,Busted
29536,Only One,Yellowcard
29545,Park Chaeyoung,Mayonnaise X Chino David X Julia Daniel
29557,In Your Arms,Chef'Special
29562,Follow You,Imagine Dragons
29566,Song To The Siren,Rose Betts
29607,Welcome To Wonderland,Anson Seabra
29610,LazyBaby,Dove Cameron
29616,Future Me,Echosmith
29633,Shy Away,Twenty One Pilots
29635,1000x,Jarryd James ft. Broods
29667,Choker,Twenty One Pilots
29671,White Dress,Lana Del Rey
29686,good 4 U,Olivia Rodrigo
29700,Bungantulog,Zild
29701,Bitaw,EJ De Perio
29707,Hump Ahead,Cueshe
29709,Inside Of You,Hoobastank
29712,Unstoppable,The Calling
29724,Huminga,Zild
29734,Bukod-Tangi,Cup Of Joe
29743,Feel Something,Joshua Bassett
29754,Won't Sleep,Tones And I
29755,Saturday,Twenty One Pilots
29761,TLKDN,St. Wolf
29762,Hangga't Maaari,JRoa x Flow G
29767,Sigurado,Imago
29811,Duyan,Jong & Pxrple
29813,Inday,Jong ft. Pxrple
29824,How Not To Drown,"CHVRCHES, Robert Smith ft. Robert Smith"
29829,Wrecked,Imagine Dragons
29852,Iyong Iyo,Zack Tabudlo
29856,All Your Exes,Julia Michaels
29861,Magazines,Anson Seabra
29873,Alalahanin,Zild
29877,Sleep Tonight,December Avenue
29880,Mess It Up,Gracie Adams
29882,Distorted Light Beam,Bastille
29895,Pwede Ba,Lola Amour
29906,Ulap,Rob Deniel
29942,Oras,I Belong To The Zoo
29943,Stoned at the Nail Salon,Lorde
29960,Body And Mind,Girl In Red
29971,A-O-K,Tai Verdes
29983,Plans,Birds Of Tokyo
29985,Weather With You,Crowded House
29987,Drive,December Avenue
38002,Selos,The Vowels They Orbit
38003,People Watching,Conan Gray
38007,Motion of Love,Gene Loves Jezebel
38019,(One Of Those) Crazy Girls,Paramore
38083,Do Re Mi,Blackbear ft. Gucci Mane
38095,I'm Still Here,John Reznik
38169,Luhang Umaapaw,St. Wolf
38170,House With No Mirrors,Sasha Sloan
38172,Asa Naman,Maris Racal
38177,Ikaw Pa Rin Ang Pipiliin Ko,Cup Of Joe
38180,0.125,Finding Hope
38182,Kahit Sa Panaginip,December Avenue
38206,Summertime,Cinnamons x Evening Cinema
38215,Hold No Grudge,Lorde
38216,COMING HOME,HONNE ft. NIKI
38273,Anticipation,Leanne & Naara
38276,Nice To Know You,Incubus
38289,brutal,Olivia Rodrigo
38306,Innocence,Avil Lavigne
38317,Butterfly Carnival,Sandwich
38334,Narcissist,No Rome ft. The 1975
38348,Metro,Ely Buendia
38350,Bounce Man,Twenty One Pilots
38354,From Yesterday,30 Seconds To Mars
38357,Tomorrow,Silverchair
38390,Here's To Moving On,Dashboard Confessional
38402,Let's Go To Hell,Tai Verdes
38411,One Right Now,Post Malone and The Weeknd
38414,Ritratong Sumasayaw,dyood
38441,Birds Fly (Whisper To A Scream),The Icicle Works
38451,I Hate U,SZA
38494,Glitter,BENEE
38495,The World I Know,Collective Soul
38500,Something Beautiful,Tom Walker
38508,Last Day On Earth,Tai Verdes
38524,Sawa Na,Adie
38543,Here's Where The Story Ends,The Sundays
38563,Boston,Augustana
38564,Heather,Conan Gray
38580,Always Been You,Jessie Murph
38582,Drunk,Ed Sheeran
38597,To The Bone,Pamungkas
38598,Tongue Tied,Grouplove
38599,Wait a Minute!,Willow Smith
38604,I AM WOMAN,Emmy Meli
38606,Looks Like Me,Dean Lewis
38617,Happiness,Rex Orange County
38626,War of Hearts and Minds,Bamboo
38627,Bale Wala,Rocksteddy
38628,Come Back Down,Lifehouse
38633,"Good Night, Good Guy",Collective Soul
38636,Hindi Ikaw,Kenaniah
38661,Best Friend,Rex Orange County
38667,No Idea,Dan Toliver
38669,Paagi,Up Dharma Down
38674,Just A Mess,Tones and I
38684,How's It Gonna Be,Third Eye Blind
38697,Prom,Ebe Dancel
38698,Ipagpatawad Mo,Mayonnaise
38708,WON'T STAND DOWN,Muse
38721,Formidable,Twenty One Pilots
38744,ANGOSTURA,keshi
38745,Good Enough,Lifehouse
38754,rx,ROLE MODEL
38766,Complete Mess,5 Seconds of Summer
38789,Butterflies,Abe Parker
38808,Original Fire,Audioslave
38815,When We Die,Bowling For Soup
38817,Ceremony,Deftones
38819,Better Be Home Soon,Crowded House
38827,Kings And Queens,Thirty Seconds To Mars
38834,High and Dry,Radiohead
38855,One Life,James Bay
38860,Psycho,Maisie Peters
38874,Hanggang Dito Na Lang,TJ Monterde
38897,Baby Blue Eyes,A Rocket to the Moon
38914,Shut Up,Mia Rodriguez
38921,Luv Starved,Gayle
38923,Inside Out,The Mighty Lemon Drops
38927,Revelations,Audioslave
38929,Polaris,December Avenue
38931,Fall At Your Feet,Crowded House
38940,Yugto,Any Name's Okay
38945,Lies,Pale Waves
38946,Love Like That,Phillip Phillips
38951,Play Date,Melanie Martinez
38952,The Only Heartbreaker,Mitski
38969,Glimpse Of Us,Joji
38996,Can We Still Be Friends,Robert Palmer
38998,Happiness Is A Butterfly,Lana Del Rey
39014,Numb Little Bug,Em Beihold
39019,Take My Hand,5 Seconds Of Summer
39025,Me Myself & I,5 Seconds of Summer
39026,Seasons,Franco
39027,Sleep Tight,Holly Humberstone
39029,That Girl,McFly
39031,Walk,Foo Fighters
39033,Around The City,Hey Its Je
39037,Kono Yakusoku,Typecast
39039,Mahika,Adie and Janine Berdin
39042,What's Wrong,Half Alive
39045,Someday,Rob Thomas
39047,Accidentally In Love,Counting Crows
39082,Give Me The Reason,James Bay
39111,everything sucks,vaultboy
39124,Oceans & Engines,NIKI
39130,AfterLife,Five Finger Death Punch
39134,Memories,YUNGBLUD ft. WILLOW
39136,Stand,R.E.M.
39147,This doesn't feel the same,Hey Its Je
39152,Iglap,VNCE
39163,Comfort Crowd,Conan Gray
39165,The Bottom,Gracie Abrams
39173,All I Want,Kodaline
39182,For Real This Time,Gracie Abrams
39203,Stay Here With Me,Loving Caliber
39207,Love of Mine,Imagine Dragons
39210,Sunroof,"Nicky Youre, Dazy"
39212,Line Without a Hook,Ricky Montgomery
39218,Psycho,Mia Rodriguez
39223,W.I.T.C.H.,Devon Cole
39234,Cate's Brother,Maisie Peters
39236,Discovery,Any Name's Okay
39238,Easy Ka Lang,Eraserheads
39242,Nag-iisang Muli,Cup of Joe
39251,Save Your Love,James Bay
39252,This Side Of Paradise,Coyote Theory
39254,When It's Over,Sugar Ray
39259,Don't Let The Light Go Out,Panic! At The Disco
39267,Sana Masaya Ka Na,Eevee
39272,you're not special,Maggie Lindemann
39273,Next Week,Moonstar88
39274,Sorry,Paolo Sandejas
39275,THE SHADE,Rex Orange County
39276,Gabi,Rob Daniel
39279,AA,Walker Hayes
39281,Alam Ko Naman,Frizzle Anne
39282,Bad Omens,5 Seconds of Summer
39299,fun out of it,"Johnny Orlando, BENEE"
39303,How Do I Say Goodbye,Dean Lewis
39314,New Gold,Gorillaz ft. Tame Impala & Bootie Brown
39336,i wish u knew,vaultboy
39348,curious/furious,WILLOW
39352,Pluto Projector,Rex Orange Country
39355,Tripping Over Air,Aidan Bissett
39356,Unstoppable,Disturbed
39358,BALANG ARAW,PLAN B
39359,Bigger Than Me,Louis Tomlinson
39364,THREAT,Rex Orange County
39366,O KAY GANDA,BLASTER
39371,Bahala Na,Kenaniah
39373,Congrats,LANY
39378,Hulog,Tanya Markova
39379,Iglap,Tanya Markova
39415,I Don't Wanna Be Okay Without You,Charlie Burg
39421,This Is Why,Paramore
39431,Too Precious,Em Beihold
39434,Television / So Far So Good,Rex Orange County
39436,Alay,Silent Sanctuary
39444,12345,Em Beihold
39449,Easily,Bruno Major
39451,Face to Face,Rex Orange County
39454,Sinta,Rob Deniel
39456,City Lights,December Avenue
39457,Saksi Ang Langit,December Avenue
39458,Kiss Me,Dermot Kennedy
39462,Not Another Rockstar,Maisie Peters
39473,Better Now,Kenaniah
39483,For The First Time,Mac DeMarco
39492,Maikee's Letters,Just Hush
39513,FORTUNE COOKIE,easy life
39520,"I miss you, I'm sorry",Gracie Abrams
39524,Sanctuary,Joji
39530,EDGING,blink-182
39531,I Love You So,The Walters
39534,The News,Paramore
39540,Dahan-dahan,Lola Amour
39542,Ghost Of You,5 Seconds Of Summer
39543,Nothing,Bruno Major
39544,Tissues,YUNGBLUD
39549,Chasing Shadows,Alex Warren
39553,Victoria's Secret,Jax
39557,I Need That,Peach Tree Rascals
39558,Nobody Gets Me,SZA
39562,Buttercup,Hippo Campus
39573,I Was Never There,The Weeknd
39574,Infinity,Jaymes Young
39579,October Passed Me By,girl in red
39581,Photo ID,Remi Wolf
39590,Tama Nga Sila,I Belong to the Zoo
39594,One Life,Dermot Kennedy
39596,Heartbeat,James Arthur
39602,You Know What I Need,"PNAU, Troye Sivan"
39615,UNDERSTAND,Keshi
39616,Amazing,Rex Orange County
39617,HOMETOWN,Sponge Cola
39622,Flicker,Niall Horan
39628,C'est Comme Ca,Paramore
39642,I Made It,Tones And I
39652,The Outside,Twenty One Pilots
39665,Did you know that there's a tunnel under Ocean Blvd,Lana Del Rey
39687,God Has A Sense of Humor,GAYLE
39688,Here With Me,d4vd
39696,Ghosts Again,Depeche Mode
39700,A&W,Lana Del Rey
39702,Lost,Linkin Park
39704,If We Ever Broke Up,Mae Stephens
39710,Sweat You Out My System,MAY-A
39718,Here,Tom Grennan
39733,Weightless,Arlo Parks
39738,Love Melody,CK YG
39750,Running Out Of Time,Paramore
39755,Definitely Maybe,FM Static
39757,Love From The Other Side,Fall Out Boy
39759,The Ballet Girl,Aden Foyer
39776,We Are Done,The Madden Brothers
39778,Die 4 Me,Halsey
39805,Selfish,Sunset Daze
39826,Body Better,Maisie Peters
39828,Fallin',December Avenue
39837,Sleep Well,d4vd
39843,Jericho,Iniko
39891,Acquainted,The Weeknd
39895,America's Next Freak,FM Static
39900,I See Red,Everybody Loves An Outlaw
39904,Hanggang Sa Buwan,Kenaniah
39905,Jumper,Third Eye Blind
39911,Fighting Myself,Linkin Park
39924,Cherry Wine,grentperez
39927,Do U Really?,Lyn Lapid ft. Ruth B
39928,Double Fantasy,The Weeknd ft.Future
39929,Elk Grove,David Kushner
39943,Pegasus,Arlo Parks ft. Phoebe Bridgers
39967,Daylight,David Kushner
39978,Take That Man,IV Of Spades
39981,Other Side Of The Moon,Aden Foyer
39989,Don't Forget About Me,d4vd
39990,Francesca,Hozier
39992,Say Yes To Heaven,Lana Del Rey
40003,Leonora,Sugarcane
40008,Break For You,Valley
40011,Gabi,juan karlos ft. Zild
40021,Raining in Manila,Lola Amour
40039,We Were Never Really Friends,Bruno Major
40053,Limbo,Keshi
40055,If I Killed Someone For You,Alec Benjamin
40057,Kyusi,Zild
40066,Dancing in the Courthouse,Dominic Fike
40073,Gotta Be A Reason,Alec Benjamin
40079,superglue,joan ft. Zack Tabudlo
40082,Love At First Fight,LANY
40084,The Bird And The Worm,Owl City
40085,Champions,Sponge Cola
40128,Roller Coasters Make Me Sad,Em Beihold
40138,Pork and Beans,Weezer
40142,Fine Time,Eraserheads
40144,Timebomb,WALK THE MOON
40145,Under You,Foo Fighters
40150,One & Only,Oliver Tree
40157,Di Na Babalik,Leanne & Naara
40158,Damage Gets Done,"Hozier, Brandi Carlile"
40177,Notes From A Wrist,d4vd
40185,Spinnin,Madison Beer
40216,Tomorrow Is Closed,Nothing But Thieves
40217,Orasa,Dilaw
40228,Mina(mahal ko),rhodessa
40234,Crush,Bella Poarch & Lauv
40238,get him back!,Olivia Rodrigo
40248,Totoo,Kenaniah
40250,True Babe,Gwen Stefani
40261,Children Of The Sky (A Starfield Song),Imagine Dragons
40273,Sure Enough,Two Door Cinema Club
40276,ERE,juan karlos
40295,Elevate,Jeff Grecia
40309,Peanut Butter & Tears,DPR IAN
40320,Chinelas,Dilaw ft. Asian Cutie
40330,Kisame,Rhodessa
40331,Nothing Lasts Forever,Delilah Belle
40332,Sanity,Paramore
40334,Blindside,James Arthur
40337,Bubblegum,Cigarettes After Sex
40344,Laban,Not Informed
40346,Out Of My League,LANY
40347,Once More,d4vd
40363,light,wave to earth
40373,Superbloodmoon,"Holly Humberstone, d4vd"
40374,The American Dream Is Killing Me,Green Day
40377,Tingin,"Cup Of Joe, Janine Tenoso"
40379,TRASTEVERE,Maneskin
40384,Your Side of Town,TheKillersMusic
40395,Escapism,RAYE & 070 Shake
40400,Two Hearts,Dermot Kennedy
40401,Homecoming,James Arthur
40402,this is what autumn feels like,JVKE
40414,Good Times Go,Nicky Youre
40422,OFF MY FACE,Maneskin
40426,Pretty Girls,Renee Rapp
40430,Stick Season,Noah Kahan
40435,Winner,Conan Gray
40443,Vertigo,Griff
40454,You First,"Paramore, Remi Wolf"
40455,You Could Start A Cult,Niall Horan with Lizzie McAlpine
40460,The Steps,HAIM
40468,Black Friday,Tom Odell
40469,Natural,Valley
40471,Notion,The Rare Occasions
40476,Fall For You,Secondhand Serenade
40486,With You,Oliver Tree
40487,My Heart It Beats,grentperez
40505,Sa Kahapon,Dilaw Janine Berdin
40515,Coffee Shop,flowerovlove
40529,No,LANY
40530,Huwag na Huwag Mong Sasabihin,Lola Amour
40531,Anything,Mayonnaise
40534,HEAVEN,The Kid LAROI
40536,seasons,wave to earth
40539,ADHD,Mae Stephens
40545,Good People,Mumford & Sons x Pharrell Williams
40555,Walwal,Dilaw
40582,VALENTINE,Maneskin
40584,NOWHERE,TJ Monterde
40587,bad,wave to earth
40595,Freaking Out,Tom Walker
40622,Burning Down the House,Paramore
40632,obsessed,Olivia Rodrigo
40646,Alonica,LANY
40657,Cheeky But Charming,Mae Stephens ft. KUROMI
40662,Eyes Closed,Imagine Dragons
40663,Friendly Fire,Linkin Park
40669,Medisina,Zild
40672,Overcompensate,Twenty One Pilots
40682,Thick Skull,Paramore
40686,De Selby (Part 2),Hozier
40694,Highlights,Sasha Alex Sloan
40699,NFU,Del Water Gap
40700,losing a friend,elijah woods
40707,King for a Day,Pierce the Veil
40710,Animal I Have Become,Three Days Grace
40713,Come back to me,RM
40725,MASC,Doja Cat ft. Teezo Touchdown
40727,MINE,CHNDTR
40729,My House Is Not A Home,d4vd
40732,Saan,Maki
40733,SARILING MUNDO,TJ Monterde
40749,Explode,Mother Mother
40752,Dilaw,Maki
40766,Alley Rose,Conan Gray
40768,HBD,Maki
40772,Selosyndrome,Tanya Markova
40773,Tiger,Mayonnaise
40777,breakdown,YUNGBLUD
40783,Humankind,David Kushner
40789,Nowhere to Run,Kings Of Leon
40793,The Craving,Twenty One Pilots
40797,Too Sweet,Hozier
40798,us.,Gracie Abrams ft. Taylor Swift
40803,Nakapagtataka,Frio
40804,Dark Matter,Pearl Jam
40812,Sikulo,"Maki, Angela Ken, Nhiko"
40824,Skin and Bones,David Kushner
40825,Trust Me Mate,Dean Lewis
40833,New Feeling,Pamungkas
40852,Say,keshi
40861,Saan Kakapit,Lola Amour
40869,Nilalang,Dilaw
40881,So Much (For) Stardust,Fall Out Boy starring Jimmy Butler 
40882,Miss Me Too,Griff
40885,this is what winter feels like,JVKE
40900,DOING IT AGAIN BABY,girl in red
40901,For Cryin' Out Loud!,FINNEAS
40904,Good Together,Lake Street Dive
40906,Hero,David Kushner
40908,"I Love You, I'm Sorry",Gracie Abrams
40918,No Roots,Alice Merton
40938,Island in the Sun,Weezer
40940,There Goes My Baby,d4vd
40945,Namumula,Maki
40968,KLWKN,Rocksteddy
40969,Lonely is the Muse,Halsey
40970,Lying Is the Most Fun a Girl Can Have Without Taking Her Clothes Off,Panic! At The Disco
40989,Kailan,Maki
41003,Lotus Eater,FINNEAS
41010,Lumayo,Over October
41011,Leave A Light On,Papa Roach & Carrie Underwood
41026,Heatwaves,Glass Animals
41031,Pain,Three Days Grace
41040,Two Faced,Linkin Park
41043,Arrowmance,Rob Deniel
41047,Museo,Eliza Maturan
41058,Guitar Song,Rex Orange County
41071,Dead Man,Alessia Cara
41074,Add Up My Love,Clairo
41077,Up All Night,James Bay with The Lumineers & Noah Kahan
41083,San Ka Na,Moira
41101,Lagi Na Lang,SUGARCANE
41114,I Am The Highway,Audioslave
41120,The Warmth,Incubus
41122,But It's Better If You Do,Panic! at the Disco
41125,Sunflower,Rex Orange County
41128,with you,Linkin Park
41136,First Heartbreak,Lauv
41158,Janice,Dilaw
41165,New Perspective,Panic! At The Disco
41168,Outside,Staind
41169,Paladin Strait,Twenty One Pilots
41172,Take Me To The Beach,Imagine Dragons (feat. Ado)
41183,Cough Syrup,Young the Giant
41184,Dasal Kasal,Zild
41193,Burning Down,Alex Warren (with Joe Jonas)
41196,Bughaw,Maki
41197,Where'd It Go Wrong?,d4vd
41198,Cleats,FINNEAS
41199,Don't Forget Me,Imagine Dragons
41201,Worlds Collide,JVKE
41203,Soft Spot,keshi
41225,EVEN IF IT KILLS ME,Papa Roach
41228,Hopia,I Belong to the Zoo
41235,The Line,Twenty One Pilots
41256,Dandelion,grentperez & Ruel
41260,Coraline,Lyn Lapid
41261,LOVE LOOKS PRETTY ON YOU,Nessa Barrett
41270,House Of Memories,Panic! At The Disco
41271,Hypnotized,Anyma ft. Ellie Goulding
41272,Ikot,Over October
41294,Head Down,Cher Lloyd
41295,Scissors,Julia Michaels & Maren Morris
41299,ACTIN UP,Tommy Richman
41301,Inside Out,keshi
41310,Tanging Ikaw,Sugarcane
41312,Ordinary,Alex Warren
41316,Hymn to Virgil,Hozier
41317,Hope,James Bay
41324,Rushmere,Mumford & Sons
41335,California Sober,Post Malone ft. Chris Stapleton
41342,I Wouldn't Mind,He is We
41347,SUNRISE,Forrest Frank
41351,I'm Okay,Moira
41352,Gaslighter,Moira
41355,One More Dance,d4vd
41359,When We Kiss,Olly Alexander
41370,Bodies,Keshi
41374,Multo,Cup Of Joe
41380,I Choose You,keshi
41388,All About Love,"CK YG  Feat. Alaine, Ryouji"
41415,Crashing,d4vd & Kali Uchis
41416,Padaba Taka,dwta
41421,Electric Green Lambo,Dope Lemon
41423,Good Things Go,Linkin Park
41441,Next Summer,Damiano David
41446,Texas,keshi
41450,Tsunami,NIKI
41511,PSILOCYBIN & DAISIES,Jessie Reyez
41515,Everlasting Light,The Black Keys
41519,Anxiety,Doechii
41526,Free Now,Gracie Abrams
41543,E,Frio
41549,Naiilang,Le John
41563,Lie 2 Me,FERN
41564,Still Have You,Jake Isaac
41572,Kahel na Langit,Maki
41576,Beanie,Chezile
41589,"Breathe In, Breathe Out",David Kushner
41598,Casual,Chappell Roan
41599,Drive,The Weeknd
41640,Vampire Diaries,mgk
41642,100 Dahilan,Waltz
41649,Chest Pain (I Love),Malcom Todd
41669,Could You Love Me,Elijah Woods
41676,Rejects,Good Charlotte
41686,But I'll Keep Trying,Snow Patrol
41699,I've seen ur ex,flowerovlove
41703,Naked in Manhattan,Chappell Roan
41707,Gasoline,Halsey
41708,Glum,Hayley Williams
41726,I'm So Sick,flyleaf
41734,California,Chappell Roan
41747,ALL I CAN TAKE,Justin Bieber
41763,how do you dance,yung kai
41767,I HAVEN'T SAID ENOUGH,JP Saxe
41776,Yellowstone (Holding You),Matt Hansen
41785,Dilaw,Flying Kiss
41787,Estranghero,Cup of Joe
41802,Mayo,Soleana
41804,Misteryoso,Cup of Joe
41813,Puso,Rob Deniel
41815,Sandali,Cup of Joe
41817,Suliranin,IV OF SPADES
41818,Take A Chance With Me,NIKI
41835,When The Darkness Comes,Colbie Coilat
41836,On The Beach,Caroline Polachek
41836,On The Beach,Caroline Polachek
41843,Good Parts,LANY
41843,Good Parts,LANY
41844,bittersweet,Madison Beer
41844,bittersweet,Madison Beer
41858,I Told You Things,Gracie Abrams
41858,I Told You Things,Gracie Abrams
41883,Joseph K,Elijah
41883,Joseph K,Elijah
41884,Kabisado,IV OF SPADES
41884,Kabisado,IV OF SPADES
41885,Kailan Ka Uuwi,Juan Karlos ft. Flow G
41885,Kailan Ka Uuwi,Juan Karlos ft. Flow G
41887,Pahina,Cup of Joe
41887,Pahina,Cup of Joe
41888,Paru-Paro,IV OF SPADES
41888,Paru-Paro,IV OF SPADES
41892,Tangerine Boulevard,IV OF SPADES
41892,Tangerine Boulevard,IV OF SPADES
41900,Silver Spoon,Erin LeCount
41901,Stranger,Doja Cat
41901,Stranger,Doja Cat
41903,Whisper In The Waves,Olly Alexander
41903,Whisper In The Waves,Olly Alexander
41907,Always,blink-182
41908,back to friends,sombr
41922,HandClap,Fitz and the Tantrums
41928,Head Down,Cher Lloyd
41929,Home,Isabel LaRosa
41947,That's So True,Gracie Abrams
41950,Act My Age,LANY
41953,Messy,Lola Young
41956,New Divide,Linkin Park
41963,Konsensya,IV OF SPADES
41968,Nanaman,IV OF SPADES
41971,Patutunguhan,Cup of Joe
41974,Sinderela,Cup of Joe
41976,Tamis Ng Pagkakamali,IV OF SPADES
41977,Tara,IV OF SPADES
41979,Take Me Away,Christina Vidal Mitchell
41981,The Subway,Chappell Roan
41982,Love in real life,Lizzo
41996,Close To You,Gracie Abrams
41997,Dalangin,SUGARCANE
41999,Did You Like Her In The Morning,NIKI
42006,Pag-Ibig ay Kanibalismo II,fitterkarma
42023,INVISIBLE,Duran Duran
42029,Soft,LANY
42032,Tayo,Le John
42038,Let It Go,New Found Glory
42043,Sagada,Cup of Joe
42044,Sailor Song,Gigi Perez
42048,Gunita,SUGARCANE
42050,Tataya,Cup of Joe
42052,The Cut That Always Bleeds,Conan Gray
