5,I Wanna Dance With Somebody,Whitney Houston
178,Mr. Kupido,Rachel Alejandro
180,Choto Matte Kudesai,Sex Bomb
228,The Sign,Aace Of Base
242,SHA LA LA,DREAMHOUSE
478,I'm Too Sexy,Right Said Fred
518,Everything Counts,Depeche Mode
520,ANYTIME,THE JETS:
544,Kiss,Tom Jones
592,ACHY BREAKY HEART,DON VON TRESS
638,Borderline,Madonna
656,Mr. Vain,Sound Tripper
735,Moving On Up,M. People
748,No Limit,2 Unlimited
754,SOMETHING GOT ME STARTED,Simply Red
870,Holiday,Madonna
914,Smile Again,Newton Family
1002,Dream About You,Stevie B.
1004,EVERYBODY,MADONNA
1017,In The Groove,Madonna
1124,I BELIEVE IN YOU,DON WILLIAMS
1174,KULANG SA PANSIN,RACHEL ALEJANDRO
1436,Around The World,Aqua
1500,La Isla Bonita,Madonna
1572,All That She Wants,Ace Of Base
1595,The Most Beautiful Girl,Prince
1705,LISTEN TO YOUR HEART,SONIA
1756,Chocolatte,Soul Control
1757,Chuwariwap,Gee Girls
1764,Bulaklak,Viva Hot Babes
1797,Venus,Sexbomb Girls
1814,Miss Flawless,Angelica Jones
2310,LA BRUJITA,"MR,JUNIOR"
2315,MU`EVELO,"VALLARTA S,"
2598,Like A Virgin,Madonna
2638,The Way We Were,Babra Streisand
2657,SAY YOU WILL,David Liang
2665,Touch By Touch,Joy
2669,"You're My Heart, You're My Soul",Modern Talking
2672,You Can Win If You Want,Modern Talking
2681,Venus,BANANARAMA
2718,Boys Boys Boys,Sabrina
2899,PHYSICAL,Olivia N. John
2958,Step By Step,New Kids On The Block
2990,I'm So Excited,The Pointer's Sister
3047,All That She Wants,Ace Of Base
3065,BEAUTIFUL LIFE,ACE OF BACE
3166,I Wanna Dance With Somebody,Whitney Houston
3337,Bed Time Story,Madonna
3355,Brother Louie,Modern Talking
3378,Cheri Cheri Lady,Modern Talking
3386,COTTON EYE JOE,REDNEX
3396,Please Don't Go,KWS
3400,Don't Turn Around,Ace Of Base
3403,Do You Wanna,Modern Talking
3437,Ghost Busters,Ray Parker
3447,Go West,Pet Shop Boys
3507,LA ISLA BONITA,MADONNA
3529,LUCKY LOVE,ACE OF BASE
3532,Bed Time Story,Madonna
3608,Say You'll Be There,Spice Girls
3647,Sweet Freedom,Michael McDonald
3667,The Sign,Aace Of Base
3669,The Way We Were,Babra Streisand
3673,Think Of You,Whigfield
3684,Vogue,Madonna
3690,WANNABE,SPICE GIRLS
3699,Wheel Of Fortune,Ace Of Base
3706,Who's That Girl,Madonna
3913,LA Isla Bonita,Madonna
4207,How Will I Know,Whitney Houston
4274,Sussudio,Phil COllins
4291,Turn Back Time,Aqua
4295,DR. JONES,AQUA
4296,BARBIE GIRL,AQUA
4298,Boom Boom Boom,Venga Boys
4300,My Oh My,Aqua
4302,Beautiful Life,Ace Of Base
4307,We Like To Party,Venga Boys
4310,Spice Up Your Life,Spce Girls
4321,LARGER THAN LIFE,BACKSTREET BOYS
4327,I Wanna Be With You,Fun Factory
4343,LUCKY LOVE,ACE OF BASE
4349,Waiting For Tonight,Jennifer Lopez
4357,All That She Wants,Ace Of Base
4359,Never Gonna Give You Up,Rick Astley
4360,The Sign,Aace Of Base
4363,We Built This City,Starship
4377,Together Again,Janet Jackson
4438,Boys Of Summer,Dj Sammy
4451,EVERYBODY,BACK STREET BOYS
4740,SIGHT FOR SORE EYES,M PEOPLE
4806,The Sign,Aace Of Base
4812,The Way We Were,Babra Streisand
4835,Together Forever,Rick Astley
4861,Wannabe,Spice Girls
4883,GET RIGHT WITH ME,DEPECHE MODE
4911,2 Times,Ann Lee
4943,Get Down,Backstreet Boys
4968,Bye Bye Bye,NSync
4969,It's Gonna Be Me,NSYNC
5103,FROZEN,MADONNA
5155,Kaba,Tootsie Guevarra
5275,Somebody,Depeche Mode
5278,Telephone,Sheena Easton
5289,Crush On You,Aaron Carter
5321,Shalala Lala,Vengaboys
5362,FROZEN,MADONNA
5388,You're A Woman,Bad Boys Blue
5430,SO EMOTIONAL,WHITNEY HOUSTON
5434,Absolutely Everybody,Vanesa Amorosi
5437,American Pie,Madonna
5450,I'll Be There,Solid Harmonie
5452,IT'S OVER NOW,ULTRA NATE'
5464,"Oops, Teka Lang",Ara Mina
5480,CARTOON HEROES,AQUA
5486,Come As You Are,Wild Orchids
5549,Try Again,Aaliyah
5618,Lalaki Ka Lang,Mystica
5620,LOLLIPOP,AQUA
5627,Miserablism,Pet Shop Boys
5628,MUSIC,MADONNA
5675,American Pie,Madonna
5676,CARTOON HEROES,AQUA
5752,Just Can't Get Enough,Depeche Mode
5757,ALWAYS ON MY MIND,PET SHOP BOYS
5758,SUBURBIA,PET SHOP BOYS
5765,BETTER OFF ALONE,ALICE DEEJAY
5795,Larger Than Life,Backstreet Boys
5802,MUSIC,MADONNA
5804,Children Need A Helping Hand,N'Sync
5805,TEARIN' UP MY HEART,N SYNC
5806,This I Promise You,NSYNC
5808,Music Of My Heart,N'sync And Gloria Estefan
5837,Ngayong Wala Ka Na,ARA MINA
6032,2 In A Million,S Club 7
6200,Enola Gay,OMD
6218,JOAN OF ARC,O.M.D
6240,Last Thing On My Mind,Steps
6270,MOST BEAUTIFUL GIRL,PRINCE
6271,The Most Beautiful Girl,Prince
6381,I'LL BE THERE,SOLID HARMONIE
6387,SUBURBIA,PET SHOP BOYS
6391,Music Of My Heart,N'sync And Gloria Estefan
6402,Caribbean Queen,Billy Ocean
6418,I'm Every Woman,Witney Houston
6518,TULOG NA BABY,SEX BOMB GIRLS
6521,Pop,NSYNC
6529,All The Things She Said,Tatu
6532,"ANO KA, HILO?",GEE GIRLS
6540,Boys Of Summer,Dj Sammy
6575,I'm Gonna Getcha Good,Shania Twain
6581,I Will Love Again,Lara Fabian
6587,Loaded,Ricky Martin
6626,THAT'S THE WAY (I LIKE IT),BACKSTREET BOYS
6660,Dream Lover,Bobby Darin
6671,Lucky Star,Madonna
6679,Roses Are Red,Aqua
6694,CARTOON HEROES,AQUA
6708,Play,Jennifer Lopez
6718,SEXY,FRENCH AFFAIR
6806,Sabik Na Sabik,Gee Girls
6852,Don't Say,Paulina Rubio
6860,ENOLA GAY,O.M.D
6879,AMERICAN LIFE,MADONNA
6933,Get Over You,Sophie Bextor
6949,MALCHIK GAY,TATU
6950,Murder On The Dance Floor,Sophie Bextor
6954,Take Me Home,Sophie Bextor
6961,"ANO KA, HILO?",GEE GIRLS
6970,DR. JONES,AQUA
6971,Drowning,Backstreet Boys
6992,Tragedy,Steps
7060,Dub I Dub,Me And My
7091,Super Papa,Ai Ai De Las Alas
7100,SEXY MUSIC,NOLANS
7115,Let Me Be,Aero
7132,Skin,Madonna
7237,Bulaklak,Viva Hot Babes
7247,Bye Bye Bye,NSYNC
7248,It's Gonna Be Me,NSYNC
7273,Alam Mo Ba,ARA MINA
7306,Everybody (Backstreet's Back),Backstreet Boys
7334,MOST BEAUTIFUL GIRL,PRINCE
7343,Oops Aay,Viva Hotbabes
7369,(NICE TO BE)Happy,Alexia
7371,Hot Babes,Viva HotBabes
7381,Get Busy,Sean Paul
7389,HE WASN'T MAN ENOUGH,TONI BRAXTON
7414,Miss Flawless,Angelica Jones
7436,Miss Flawless,Angelica Jones
7515,NOTHING REALLY MATTERS,MADONNA
7519,RAY OF LIGHT,MADONNA
7612,Kiss Sabay Hug,Sexbomb Girls
7667,Toxic,Britney Spears
7672,Kiss Sabay Hug,Sexbomb Girls
7673,Beinte Beinte,Gee Girls
7749,Parang Boomerang,Blazing Star
7774,Hole In The Head,Sugababes
7784,Liar,Sandara P.
7822,Around The World,ATC
7832,Choto Matte Kudesai,Sex Bomb
7833,Chuwariwap,Gee Girls
7852,Natural,S Club 7
7853,One In A Million,Bosson
7879,Kikay,Viva Hotbabes
7912,Don't Take Away My Heart,Modern Talking
7945,Sexy Lover,Modern Talking
7966,Tearin' Up My Heart,NSYNC
7971,Physical,Olivia Newton-John
7988,Shalala Lala,Vengaboys
7998,TOTOY BIBO,VHONG NAVARRO
8009,Totoy Bibo,Vhong Navarro
8024,O PAG-IBIG,VHONG NAVARRO
8031,I Want You,Savage Garden
8095,Basketball,Viva Hot Babes
8099,Chocolatte,Soul Control
8100,Choopeta,T-Rio
8125,What You Waiting For,Gwen Stefani
8170,Try Again,Aaliyah
8225,Melt With You,Modern English
8243,Sexy Naughty Bitchy,Tata Young
8265,Dangerous,Roxette
8273,Hung Up,Madonna
8287,Quando Quando Quando,Michael Buble' and Nelly
8289,Sorry,Madonna
8329,Hot Na Hot,Barako Boys
8332,Pandesal,Viva Hot Men
8351,My Humps,Black Eyed Peas
8367,Forbidden Love,Madonna
8368,Get Together,Madonna
8420,Jump,Madonna
8500,STARS ARE BLIND,PARIS HILTON
8514,Get The Party Started,Pink
8524,WHO DO YOU THINK YOU ARE,SPICE GIRLS
8540,NOTHING IN THIS WORLD,PARIS HILTON
8565,MANEATER,NELLY FURTADO
8795,YESTER AND TODAY,MOM'S CAKE
8796,I LOVE YOU 1 2 3,MOM'S CAKE
8826,Baile,Rochelle Pangilinan Feat. Gloc 9
8868,MR. DISCO,MANILYN REYNES
8913,E2Y-E2Y,Phylum
8967,DON'T STOP THE MUSIC,RIHANNA
8990,Iyugyog Mo,Willie Revillame
9045,BARAKO,BARAKO BOYS
9096,Sumayaw Sumunod,Sexbomb
9222,BATUTA NG PULIS,VIVA HOT BABES
9236,ONE OF THOSE GIRLS,AVRIL LAVIGNE
9313,WAITIN',LALA
9318,LOVE SONG,NANCY JANE
9328,WE BE BURNIN',SEAN PAUL
9377,Disturbia,Rihanna
9380,Give It To Me,Madonna
9383,I Kissed A Girl,Katy Perry
9452,Ayos Na Ang Buto-Buto,Vhong Navarro
9475,Igiling Giling,Willie Revillame
9487,Control,Nancy Jane
9497,Closer,Ne-yo
9520,Just Dance,Lady Gaga
9536,Circus,Britney Spears
9538,Deliciosa,Mocha Girls
9652,When I Grow Up,Pussycat Dolls
9653,Poker Face,Lady Gaga
9749,Real Girl,Mutya Buena
9762,The Boy Does Nothing,Alesha Dixon
9772,Love Games,Lady Gaga
9798,Nobody,Wonder Girls
9799,Nobody (Korean Version),Wonder Girls
9864,Kiss,Sandara Park ft CL of 2NE1
9874,Kaya Ko Ba,Rachel Alejandro
9910,STAND AND DELIVER,ADAM AND THE ANTS
9911,Prince Charming,Adam And The Ants
9942,D. I. S. C. O,Ottawan
9943,West End Girls,Pet Shop Boys
9948,DON'T STOP MOVING,S CLUB 7
9971,Saturday Night,Whigfield
10082,Dili Nako,Phylum
10137,Itoy Itoy,Phylum
10276,Singot Sa Heart,Phylum
10295,Wa Damha,Phylums
11011,Paper Gangsta,Lady Gaga
11014,You,Rhian Ramos
11020,Bad Romance,Lady Gaga
11024,Crazy Crazy,Pop Girls
11049,Hush Hush Hush Hush,Pussycat Dolls
11054,Telephone,Lady Gaga & Beyonce
11084,Binguel Binguel,U-Kiss
11101,Say It Right,Nelly Furtado
11103,S.O.S. (Rescue Me),Rihanna
11125,Can't Be Tamed,Miley Cyrus
11129,Hush Hush,Pussycat Dolls
11134,Stereo Love,E Maya & V Jigulina
11139,Sexy Bitch,David Guetta ft Akon
11140,Fireflies,Owl City
11146,If We Ever Meet Again,Timbaland ft Katy Perry
11149,Te Amo,Rihanna
11165,Alejandro,Lady Gaga
11168,She's Got Me Dancing,Tommy Sparks
11182,I'll Be There,XLR8
11183,You're So Hot,XLR8
11207,Bo Peep Bo Peep,T-Ara
11269,S.O.S.,Jonas Brothers
11314,Pump It,Black Eyed Peas
11330,I Love You Girl,XLR8
11336,Rock That Body,Black Eyed Peas
11340,I Like It,Enrique Iglesias ft Pitbull
11347,Fashion,Lady Gaga
11359,Dynamite,Taio Cruz
11364,A Year Without Rain,Selena Gomez
11376,Who Owns My Heart,Miley Cyrus
11386,Only Girl,Rihanna
11388,We R Who We R,Kesha
11390,DJ Got Us Falling In Love Again,Usher Ft Pitbull
11430,Wake Me Up Before You Go-Go,Wham
11431,Poison,Nicole Scherzinger
11445,We Are The People,Empire Of The Sun
11446,Higher,Taio Cruz ft Kylie Minogue
11455,Forever and a Day,Kelly Rowland ft David Guetta
11457,Night Is Young,Nelly Furtado
11459,Perfect Nightmare,Shontelle
11521,S & M,Rihanna
11524,Blah Blah Blah,Kesha ft 3OH3
11528,Can't Make This Over,Pixie Lott
11531,Your Love Is My Drug,Kesha
11548,Rude Boy,Rihanna
11550,Born This Way,Lady Gaga
11558,Blow,Kesha
11562,Till The World Ends,Britney Spears
11567,What The Hell,Avril Lavigne
11576,Lady Gaga Medley,Lady Gaga
11596,Moves Like Jagger,Maroon 5 feat. Christina Aguilera
11597,I Wanna Go,Britney Spears
11599,Edge of Glory,Lady Gaga
11600,Don't Stop The Party,The Black Eyed Peas
11602,MR. SIMPLE,SUPER JUNIOR
11614,Friday,Rebbeca Black
11623,Run the World (Girls),Beyonce
11629,Judas,Lady Gaga
11646,2 Different Tears,Wonder Girls
11647,Love You Like A Love Song,Selena Gomez
11732,2012 It Ain't The End,Jay Sean Ft. Nicki Minaj
11734,FLY WITH ME,JONAS BROTHERS
11743,Marry The Night,Lady Gaga
11759,International Love,Pitbull ft. Chris Brown
11763,Man Down,Rihanna
11764,We Found Love,Rihanna
11799,Give Me Everything,Pitbull ft Ne-Yo
11801,Pretty Girls,Iyaz ft. Travie McCoy
11810,Last Forever,Iyaz
11812,Don't Wanna Go Home,Jason derulo
11819,Rain Over Me,Pitbull ft. Marc Anthony
11820,Sexy And I Know It,LMFAO
11824,PARTY ROCK ANTHEM,LMFAO
11831,You Da One,Rihanna
11852,Glad You Came,The Wanted
11867,Turn Me On,David Guetta ft Nicki Minaj
11880,I Was Made For Loving You,Kiss
11894,Call Me Maybe,Carly Rae Jepsen
11918,Girl Gone Wild,Madonna
11930,Starships,Nikki Minaj
11936,Titanium,David Guetta ft Sia
11957,Never Close Our Eyes,Adam Lambert
11971,Feel So Close,Calvin Harris
11978,My Everything,Down To Mars
11984,Wild Ones,Flo Rida ft. Sia
13537,Colors Of The Wind,Vanessa Williams
14036,La Isla Bonita,Madonna
15030,Back In Time,Pitbull
15034,Where Have You Been,Rihanna
15041,Summer Paradise,Simple Plan ft. Sean Paul
15058,Scream,Usher
15066,Gangnam Style,Psy
15079,Good Time,Owl City Ft. Carley Rae Jepsen
15082,Don't Wake Me Up,Chris Brown
15085,Pound The Alarm,Nicki Minaj
15098,Windows Down,Big Time Rush
15112,Beauty And A Beat,Justine Bieber ft Nicki Minaj
15119,Live While We're Young,One Direction
15143,Die Young,Kesha
15180,Angelina,P.S.Y.
15207,Shooting Star,Owl City
15208,Try,Pink
15210,Sweet Soul Reveu,Pizzicato Five
15211,Babaero,Randy Santiago
15223,I Found You,The Wanted
15225,Scream & Shout,Will I Am ft. Britney Spears
15264,Cuckoo,Adam Lambert
15265,For Your Entertainment,Adam Lambert
15293,C'mon,Kesha
15300,Va Va Voom,Nicki Minaj
15317,Kendeng Kendeng,Willie Revillame
15326,Say You're Just A Friend,Austin Mahone  ft Flo Rida
15327,I Could Be The One,Avicii
15366,Troublemaker,Olly Murs ft. Flo Rida
15369,Feel This Moment,Pitbull ft. Christina Aguilera
15371,Gentleman,Psy
15377,Mr. Papable,Vhong Navarro
15388,Tonight I'm Getting Over You,Carly Rae Jepsen
15398,Down,Jay Sean
15401,Pom Poms,Jonas Brothers
15434,Karakaraka,Vice Ganda ft. Smugglaz
15439,That Power,Will.I.Am  ft. Justin Bieber
15448,Bubble,Yelle
15466,Salamin,Kilos
15472,Love Somebody,Maroon Five
15523,The Other Side,Jason Derulo
15528,Laserlight,Jessie J.
15534,We Can't Stop,Miley Cyrus
15568,Arimunding- Munding,Alexis
15649,Applause,Lady Gaga
15669,Give It 2 U,Robin Thicke
15672,Other Side Of Love,Sean Paul
15776,Here's To You,Billy Ocean
15793,Ding Dong Song (You Touch my Tralala),Gunther
15834,Chasing The Sun,The Wanted
15837,There Is No Tomorrow (Now),Trouble Maker
15842,The Fox,Ylvis
15852,Manhid Ka,Vice Ganda
15861,Wake Me Up,Avicii
15873,Neon Lights,Demi Lovato
15878,Finally Found You,Enrique Iglesias Feat.Sammy Adams
15911,Changing Of Seasons,Two Door Cinema
15928,Heart Attack,Demi Lovato
15941,Do What You Want,Lady Gaga ft Christina Aguilera
15980,Sana2x,Angeline Quinto
15981,Hey Brother,Avicii
15993,World Is Our Playground,DJ Vice ft. Mike Taylor
16020,Timber,Pitbull ft Kesha
16022,Sway,Pussycat Dolls
16035,We Own The Night,The Wanted
16041,Trespassing,Adam Lambert
16054,Without You,David Guetta ft. Usher
16057,Do The Moves,"Sarah Geronimo, Apl.de Ap, Enrique Gil & Elmo Magalona"
16074,Basta Masaya Ka,Kilos
16081,Rather Be,Clean Bandit ft Jess Glynne
16099,Mmm Yeah,Austin Mahone ft Pitbull
16103,Lick It,20 Fingers ft. Roula
16134,G.U.Y.,Lady Gaga
16135,Lost In Your Love,Redlight
16146,Russian Radio,Red Flag
16171,Red Lights,Tiesto
16178,Hello Kitty,Avril Lavign
16214,Monsters,Timeflies ft. Katie Sky
16219,Don't You Worry Child,Swedish House Mafia ft John Martin
16221,Summer,Calvin Harris
16225,A Sky Full Of Stars,Coldplay
16226,Addicted To You (Radio Edit),Avicii
16229,Problem,Ariana Grande ft Iggy Azalea
16265,I Will Never Let You Down,Rita Ora
16269,Dare (La La La),Shakira
16272,Boom Panes,Vice Ganda
16276,Pressure,Youngblood Hawke
16284,Anything Could Happen,Ellie Goulding
16303,Hello Beautiful,Jonas Brothers
16305,Hold On,Jonas Brothers
16315,Lalala,Naughty Boy ft Sam Smith
16317,Galaxies,Owl City
16338,The Saltwater Room,Owl City
16343,Stay High,Tove Lo ft. Hippie Sabotage
16344,Va Va Voom,Nicki Minaj
16352,Hideaway,Kiesza
16371,"It's Alright, It's Ok",Ashley Tisdale
16380,More,Usher
16381,Naturally,Selena & The Scene
16397,It Was Always You,Maroon 5
16417,Break Free,Ariana Grande Feat. Zedd
16444,Shake It Off,Taylor Swift
16463,Rico Mambo,Breakfast Club
16493,When Can I See You Again (From Wreck It Ralph),Owl City
16554,Kilometro,Sarah Geronimo
16563,Blank Space,Taylor Swift
16598,Outside,Calvin Harris ft Ellie Goulding
16603,Real Love,Clean Bandit & Jess Glynne
16611,The Days,Avicii ft Robbie Williams
16614,Push Mo Yan Te,Vice Ganda ft. Regine Velasquez
16645,Sugar,Maroon 5
16650,I Keep On Saying,Nexxus
16665,Jukebox,The Flirts
16671,Akin Ka Na Lang,Vice Ganda
16689,Heroes (We Could Be),Alesso
16698,Blame,Calvin Harris ft John Newman
16720,Somebody,Natalie La Rose ft. Jeremih
16735,Talking Body,Tove Lo
16756,Here Comes The Weekend,Pink ft Eminem
16774,Living For Love,Madonna
16798,Warrior,Kesha
16807,I Really Like You,Carly Rae Jepsen
16832,King,Years and Years
16837,Avalanche,Nick Jonas
16845,Seasons,Olly Murs
16848,Some Broken Hearts Never Mends,Don Williams
16861,Ghost Town,Adam Lambert
16863,One Last Time,Ariana Grande
16867,Pray To God,Calvin Harris ft Haim
16900,Don't Look Down,Martin Garrix ft Usher
16905,Time Of Our Lives,Pitbull ft. Ne-Yo
16941,Artpop,Lady Gaga
16945,Ghosttown,Madonna
16954,The Night Is Still Young,Nicki Minaj
16955,I Won't Let You Down,OK GO
16966,Watch Me (Whip/Nae Nae),Silento
17008,Bitch I'm Madonna,Madonna ft Nikki Minaj
17035,Wag Kang Pabebe,Vice Ganda
17036,Where Are U Now,Skrillex and Diplo with Justin Bieber
17048,Run Away With Me,Carly Rae Jepsen
17105,You Know You Like It,DJ Snake
17111,Animals,Maroon 5
17116,Cheyenne,Jason Derulo
17141,Levels,Nick Jonas
17148,New Thang,Redfoo
17150,Shine,Years & Years
17156,Carry You Home,Zara Larsson
17161,Lean On,Major Lazer DJ Snake ft Mø
17168,Ayoko Na Sa'yo,Vice Ganda
17179,Chains,Nick Jonas
17202,Coconut Tree,Mohombi ft Nicole Scherzinger
17206,Perfectly Imperfect,Sarah Geronimo
17260,Dancer,Iyaz
17280,Wake Up,The Vamps
17283,Focus,Ariana Grande
17288,Lay It All On Me,Rudimental ft Ed Sheeran
17294,Cruel Summer,Bananarama
17327,Daddy,PSY ft CL of 2NE1
17383,24/Seven,Big Time Rush
17494,Bang Bang Bang,Selena Gomez
17509,Easy Love,Sigala
17523,Hangin' Tough,NKOTB
17524,Hula Hoop,OMI
17548,One For Sorrow,Steps
17552,How Deep Is Your Love,Calvin harris and Disciples
17556,Roses,The Chainsmokers ft. Rozes
17562,Sugar,Robin Schulz ft Francesco Yates
17563,Sweet Lovin,Sigala ftr Bryn Christopher
17576,Work This Body,Walk The Moon
17578,Eyes Shut,Years And Years
17579,Lush Life,Zara Larsson
17597,Butterfly Wings,Owl City
17623,Hello Friday,Flo Rida ft Jason Derulo
17635,Hands,The Ting Tings
17659,Piliin Mo Ang Pilipinas,Angeline Quinto
17668,Watch Me Work,Tinashe
17679,Youth,Troye Sivan
17695,Blame It On The Rain,Milli Vanilli
17698,Di Ko Alam,Yassi & Andre
17738,Alive,Krewella
17743,I Took A Pill In Ibiza,Mike Posner
17746,Colors,Halsey
17764,Close To You,Whigfield
17793,Something Better,Audien ft. Lady Antebellum
17800,Be The First To Believe,A1
17845,Happy,Square Heads
17920,Middle,DJ Snake ft Bipolar Sunshine
17925,Into You,Ariana Grande
17927,Can't Stop The Feeling,Justin Timberlake
17931,Close,Nick Jonas ft. Tove Lo
17933,Don't Let Me Down,The Chainsmokers
17934,I Hate You I Love You,Gnash ft. Olivia O'brien
17962,Clean,Taylor Swift
17980,With You I'm Born Again,Billy Preston And Syreeta
17993,Dance In The Dark,Lady Gaga
17994,Day And Night,Billie Piper
18014,Walking On A Dream,Empire Of The Sun
18020,Try Everything,Shakira
18027,This Is What You Came For,Calvin Harris ft. Rihanna
18052,Kill 'Em With Kindness,Selena Gomez
18059,Sexy Back,Justin Timberlake
18060,Slow Down,Selena Gomez
18132,Cold Water,Major Lazer ft Justin Bieber
18133,Cheap Thrills,Sia
18136,Stay,FTampa
18137,Closer,The Chainsmokers ft Halsey
18141,I'll Never Stop,N' Sync
18160,I'll Be There For You,Solid Harmonie
18184,About You Boy,Pop Girls
18192,Can't Stop Dancin',Becky G
18210,In My Head,Jason Derulo
18228,Perfect Illusion,Lady Gaga
18263,Mr. Pakipot,Myrtle Sarrosa
18264,Let Me Love You,DJ Snake ft. Jutin Bieber
18266,Perfect Strangers,Jonas Blue ft JL Cooper
18267,The Greatest,Sia
18303,Bring It All Back,S Club 7
18337,Tala,Sarah Geronimo
18338,Birthday,Namie Amuro
18339,Purple Lamborghini,Skrillex & Rick Ross
18364,Show Me Love,Robin S
18365,Take It Off,Kesha
18380,Step By Step,Whitney Houston
18388,Bloody Mary,Lady Gaga
18390,Crazy Kids,Kesha ft will.i.am
18409,My Way,Calvin Harris
18441,Setting Fires,The Chainsmokers
18442,All Night,The Vamps
18464,Verge,Owl City ft Aloe Blacc
18516,Hit The Lights,Selena Gomez And The Scene
18534,Like I Would,Zayn
18536,Lights Out (Too Drunk),DJ Katch ft Hayley
18558,People Are People,Depeche Mode
18606,On My Way,Tiesto ft Bright Sparks
18620,Paris,The Chainsmokers
18621,"5, 6, 7, 8",Steps
18626,Move Your Body,Sia
18659,Body Dancer,Magic Fire
18671,Bad Girls,MKTO
18728,Fast Car,Jonas Blue ft Dakota
18756,Shed A Light,Robin Schulz & David Guetta ft Cheat Codes
18760,Sabot-Sabot,Phylum
18766,The Sound,The 1975
18787,Be The One,Dua Lipa
18827,Waterfall,Stargate ft. Pink & Sia
18828,In The Name Of Love,Martin Garixx & Bebe Rexha
18836,Rockabye,Clean Bandit ft.Sean Paul & Anne-Marie
18853,No Doubt About It,Empire Cast
18866,Mr. Kupido,Rachel Alejandro
18885,Mack The Knife,Bobby Darin
18901,Your Body,Christina Aguilera
18917,Hair,Lady Gaga
18926,The Cure,Lady Gaga
18936,Something Just Like This,The Chainsmokers & Coldplay
26018,There's Nothing Holdin' Me Back,Shawn Mendes
26030,Malibu,Miley Cyrus
26035,I Luv It,PSY
26050,The Painter,O-Town
26055,Ever After,Bonnie Bailey
26129,Faded,Alan Walker
26130,Hey Mama,"Nicki Minaj, Bebe Rexha & Afrojack"
26133,Mama,Jonas Blue ft. William Singe
26137,Good Vibes,Vice Ganda
26166,Straight To My Heart,Backstreet Boys
26184,Beautiful,Akon ft Kardinall Ofishall
26228,Slide,"Calvin Harris ft Frank Ocean, Migos"
26229,2U,David Guetta ft. Justin Bieber
26232,Be My Lover,La Bouche
26233,Lady,Austin Mahone ft Pitbull
26236,Unleash The Diva,4th Impact
26251,No More,A1
26298,Angel Of My Dream,Joel Trinidad
26320,Everyday Is Like Sunday,Morrissey
26340,If I Had You,Adam Lambert
26344,Something To Remember,Kygo & The Chainsmokers ft  ZAYN
26361,Mr. Saxobeat,Alexander Stan
26376,Praying,Kesha
26425,What About Us,Pink
26426,Ready For It,Taylor Swift
26433,Gusto Kita,Ara Mina
26471,Look What You Made Me Do,Taylor Swift
26510,Ready Or Not,A1
26645,Call It What You Want,Taylor Swift
26662,Play Hard,"David Guetta ft Ne-Yo, Akon"
26673,Gorgeous,Taylor Swift
26683,Street Beat,Toni Basil
26733,New Rules,Dua Lipa
26734,Wolves,Selena Gomez ft Marshmello
26736,Beautiful Trauma,P!nk
26783,Gigil Si Aquo,Vice Ganda
26827,Symphony,Clean Bandit ft. Zara Larsson
26839,Blow Your Mind Mwah,Dua Lipa
26884,Gold,Kiiara
26902,For You,Rita Ora & Liam Payne
26950,No Tears Left To Cry,Ariana Grande
26968,The Ocean,Mike Perry ft Shy Martin
26971,Ain't My Fault,Zara Larsson
26975,All We Know,The Chainsmokers ft Phoebe Ryan
26987,Delicate,Taylor Swift
26989,Selfie,The Chainsmokers
27001,Wonderland,Taylor Swift
27013,The Way I Are,Timbaland
27031,Solo Dance,Martin Jensen
27033,Sweet Dreams,Andra & Mara
27045,Weak,AJR
27064,All I Wanna Do,Martin Jensen
27067,Down,Marian Hill
27074,Unang Pag-ibig,Claire dela Fuente
27077,Pag-ibig Lang Ang Kailangan,Viva Hot Babes
27110,Anywhere,Rita Ora
27112,Don't Go Breaking My Heart,Backstreet Boys
27129,Walk Away,Paula Deanda
27134,Girls,"Rita Ora ft. Cardi B, Bebe Rexha & Charli XCX"
27164,One Kiss,Calvin Harris ft Dua Lipa
27165,Solo,Clean Bandit ft Demi Lovato
27211,Rise,Jonas Blue ft. Jack & Jack
27225,Quicksand,Bridgit Mendler
27236,Ocean,Martin Garrix ft Khalid
27242,Breathin',Ariana Grande
27280,FRIENDS,Marshmello & Anne-Marie
27288,Welcome To The Party,"Diplo, French Montana & Lil Pump ft Zhavia Ward"
27292,New Face,Psy
27306,The Last Goodbye,Atomic Kitten
27314,Heatsroke,"Calvin Harris ft. Young Thug, Ariana Grande, Pharrell Williams"
27356,This Feeling,The Chainsmokers ft. Kelsea Ballerini
27359,Thunderclouds,"LSD ft. Sia, Diplo, Labrinth"
27400,Baby,Clean Bandit ft Marina Luis Fonsi
27401,Taki Taki,"DJ Snake ft. Selena Gomez, Ozuna & Cardi B"
27403,Sun In Our Eyes,M0 Diplo
27405,Trust Nobody,"Cashmere Cat ft Selena Gomez, Tory Lanez"
27459,Chances,Backstreet Boys
27467,Chambe,Alex Gonzaga
27488,Back To The 80's,Aqua
27493,Happier,Marshmello and Bastille
27496,Staying Up,Matoma & The Vamp
27513,Heatwave,Phil Collins
27520,Viva Las Vegas,Aqua
27524,The Model,Kraftwerk
27527,BAILA BAILA BAILA,Ozuna
27531,Promises,Calvin Harris & Sam Smith
27540,American Girl,Bonnie Mckee
27542,I Found You,"Benny Blanco, Calvin Harris & Miguel"
27584,Swan Song,Dua Lipa
27614,Electricity,"Silk City &Dua Lipa ft Diplo, Mark Ronson"
27615,If You Could read My Mind,Starz on 54
27616,Sun Comes Up,Rudimental ft James Arthur
27641,Sucker,Jonas Brothers
27656,Middle Of The Night,The Vamps ft Martin Jensen
27663,Oh Boy,Sabrina
27678,Silence,Marshmello ft. Khalid
27693,That Don't Impress Me Much,Shania Twain
27706,Me!,Taylor Swift ft. Brendon Urie
27710,Bad Guy,Billie Eilish
27719,No Place,Backstreet Boys
27760,So Am I,Ava Max
27766,Light It Up,"Marshmello, Tyga, Chris Brown"
27772,SOS,Avicii ft Aloe Blacc
27774,Summer Days,Martin Garrix ft Macklemore & Fall Out Boy
27779,Do You Wanna,Modern Talking
27780,Remember I Told You,"Nick Jonas ft Anne Marie, Mike Posner"
27794,Sixteen,Ellie Goulding
27948,Baga Ka'g Face,Malaya Macaraeg
28002,Wanted Pangga,Phylum
28020,Do You Miss Me,Jocelyn Enriquez
28031,I Can't Get Enough,Benny Blanco Tainy Selena Gomez J Balvin
28036,Cool,Jonas Brothers
28058,You Need To Calm Down,Taylor Swift
28085,You And I,Morissette
28128,One Thing Right,Marshmello x Kane Brown
28167,Atlantis Is Calling(S.O.S For Love),Modern Talking
28236,1901,Phoenix
28278,Motivation,Normani
28299,Match Made In Heaven,Mohombi
28369,Now I'm In It,Haim
28381,South Of The Border,Ed Sheeran
28384,Patron Tequila,Paradiso Girls
28385,Look At Her Now,Selena Gomez
28489,Live Forever,"Liam Payne, Cheat Codes"
28490,Hurts 2B Human,Pink ft Khalid
28492,Sweet But Psycho,Ava Max
28503,Kiss And Make Up,"Dua Lipa, Blackpink"
28512,Adore You,Harry Styles
28515,Flames,"R3HAB, ZAYN and Jungleboi"
28531,Put A Little Love On Me,Niall Horan
28536,All I Want,Olivia Rodrigo
28551,Alab (Burning),SB19
28568,Physical,Dua Lipa
28570,Stay,Kygo
28610,Born To Be Yours,Kygo and Imagine Dragon
28623,Mom's Cake Medley,Mom's Cake
28627,Stupid Love,Lady Gaga
28630,RITMO,"The Black Eyed Peas, J Balvin"
28634,React,Pussycat Dolls
28668,Go Up,SB19
28719,Alone,Alan Walker
28737,If It Ain't Love,Jason Derulo
28743,What A Man Gotta Do,Jonas Brothers
28761,Drown,Martin Garrix ft Clinton Kane
28779,Don't Trust Me,3OH!3
28788,Now That I Found You,Carly Rae Jepsen
28790,Someday,Kygo & Zac Brown
28791,Sine From Above,Lady Gaga ft Elton John
28796,Worse,New Hope Club
28851,How To Love,Cash Cash ft. Sofia Reyes
28854,Can We Pretend,Pink ft. Cash Cash
28868,Be Kind,"Halsey, Marshmello"
28881,There For You,"Martin Garrix, Troye Sivan"
28900,Kings & Queens,Ava Max
28910,Alice,Lady Gaga
28917,Kimi No Torik,Rizky Ayuba
28929,Funny,Zedd and Jasmine Thompson
28931,Thinking About You,R3HAB & Winona Oak
28944,Just Hold On,Steve Aoki & Louis Tomlinson
28982,Like It's Christmas,Jonas Brothers
28991,Come & Go,Juice WRLD ft Marshmello
28993,Rain On Me,Lady Gaga & Ariana Grande
29016,White Blood,Oh Wonder
29030,Only You,"Cheat Codes, Little Mix"
29071,Breaking Me,Topic ft. A7S
29072,Samsara,Martin Tungevaag & Raaban
29074,Over The Mountains,Bosson
29078,Sayaw Ng Mga Tala,Matty Juniosa
29124,Another Life,Afrojack & David Guetta
29138,I'm An Albatraoz,Aron Chupa
29140,OK Not To Be OK,Marshmello & Demi Lovato
29145,Options,Pitbull ft Stephen-Marley
29148,Too Much,Marshmello x Imanbek ft. Usher
29180,Freaky Friday,Aqua
29186,Proud,Marshmello
29194,Salt,Ava Max
29199,Sour Candy,"Lady Gaga, BLACKPINK"
29203,Daylight,Taylor Swift
29205,911,Lady Gaga
29208,Palong-Palo,Vice Ganda
29256,Blue Hour,TXT
29267,I Can't Stop Me,Twice
29268,Kings & Queens,Ava Max
29270,HELICOPTER,CLC
29284,Tiger Inside,SuperM
29297,Unity,Alan Walker
29309,Lose Control,"Meduza, Becky Hill, Goodboys"
29317,Bloodstream,The Chainsmokers
29328,Mi Mi Mi,Serebro
29355,Location Unknown,HONNE ft BEKA
29419,Driver's License,Olivia Rodrigo
29426,Prisoner,Miley Cyrus ft. Dua Lipa
29430,Get To You,DJ Young ft Edwar Mante
29438,My Head & My Heart,Ava Max
29442,Daisy,Pentagon
29509,Girl Like Me,Black Eyed Peas ft. Shakira
29556,Sacrifice,Bebe Rexha
29560,Fever,Dua Lipa & Angele
29580,Naked,Ava Max
29588,Somethin' Amazing,Schumi ft Grace Alade
29615,Skin,Sabrina Carpenter
29634,Look What You've Done,Zara Larsson
29637,Fake A Smile,Alan Walker x Salem Ilese
29642,Big,"Rita Ora, David Guetta, Imanbek ft. Gunna"
29648,Selfish Love,DJ Snake & Selena Gomez
29650,Levitating,Dua Lipa ft. DaBaby
29652,Step Into The Rhythm,Klippers
29654,Titans,Major Lazer ft Sia & Labrinth
29661,Anywhere Away From Here,Rag'n'Bone & Pink
29664,Floating Through Space,Sia and David Guetta
29668,Starstruck,Years and Years
29676,Lily,"Alan Walker, K-391 & Emelie Hollow"
29689,Hey Boy,Sia feat. Burna Boy
29692,House Party,Super Junior
29715,Potential Breakup Song,Aly & Aj
29723,Scared To Be Lonely,Martin Garixx ft. Dua Lipa
29730,Believers,Alan Walker x Conor Maynard
29746,Leave Before You Love Me,Marshmello x Jonas Brothers
29747,We Are The People,Martin Garrix ft. Bono & The Edge
29750,Bangin,Paul Pablo
29821,Wiggle It,2 In A Room
29823,Born To Win,BINI
29827,Bad Habits,Ed Sheeran
29845,Ancient Dreams in a Modern Land,Marina
29855,Echo,"Armaan Malik, Eric Nam & KSHMR"
29859,China,Red Rockers
29860,Let's Go,Wang Chung
29864,A Little Bit of Ecstasy,Jocelyn Enriquez
29881,EveryTime I Cry,Ava Max
29883,Remember,"Becky Hill, David Guetta"
29884,By Your Side,Calvin Harris ft. Tom Grennan
29885,Too Late,Cash Cash ft. Wiz Khalifa & Lukas Graham
29890,I Want Love,Jessie J
29904,You for Me,"Sigala, Rita Ora"
29910,Sweet Dreams,Alan Walker x Imanbek
29937,Gonna Get Your Love,S-Sense ft. Jenny B.
29963,Quit You,Lost Kings ft. Tinashe
29967,Fast (Motion),Saweetie
29970,Stay,Dreamhouse
29978,I Beg Your Pardon,Kon Kan
29982,Get Outta My Dreams,Billy Oceans
29986,If You Really Love Me (How Will I Know),David Guetta x MistaJam x John Newman
29988,Heard About Me,"Dimitri Vegas & Like Mike, Felix Jaehn & Nea"
38009,INFERNO,Sub Urban & Bella Poarch
38051,Tahong Ni Carla,Remix Version
38122,Kasmala,Alamat
38130,Please Don't Suck,Noa Kirel
38136,I Do,Solid Base
38137,The Baddest,BGYO
38147,Who's In Your Head,Jonas Brothers
38150,The Nights,Avicii
38192,Once In A Lifetime,Gregorian
38196,Take Me To Your Heart,Rick Astley
38207,Don't Go,"Skrillex, Justin Bieber & Don Toliver"
38208,Don't You Just Know It,Captain Jack
38229,Sexy Girl,DJ Snake Ozuna Megan Thee Stallion LISA of BLACKPINK
38236,Next Level,aespa
38237,Black Mamba,aespa
38268,Hold Me In Your Arms,Rick Astley
38282,Dynamite,Sean Paul ft. Sia
38283,Monday,Imagine Dragons
38292,Sad Boy,"R3HAB & Jonas Blue ft. Ava Max, Kylie Cantrall"
38297,Take My Breath,The Weekend
38299,The Motto,Tiesto & Ava Max
38303,When You're Awake,Selena Gomez x Marshmello
38331,Come Home,Ava Max
38380,All Night,Steve Aoki & Lauren Jauregui
38385,Cloudy Day,Tones and I
38391,HIT IT,"Black Eyed Peas, Saweetie, Lele Pons"
38401,"The Older You Get, The Less You Cry",LANY
38405,Love Me Now,Kygo
38409,Moth To A Flame,Swedish House Mafia and The Weeknd
38423,This Is How We Do It,Solid Base
38426,Wherever You Go,Alok ft. John Martin
38427,WIN,Press Hit Play
38437,Kulay,BGYO
38450,Queendom,Red Velvet
38452,My Heart Beat Like A Drum,A Touch of Class
38453,Freaking Me Out,Ava Max
38458,Run (Taylor's Version),Taylor Swift & Ed Sheeran
38509,When I'm Gone,"Alesso, Katy Perry"
38510,Answer,ATEEZ
38517,No Lie,"Sean Paul, Dua Lipa"
38523,Chain My Heart,Topic x Bebe Rexha
38525,Man On The Moon,Alan Walker x Benjamin Ingrosso
38551,Crazy Frog,Axel F
38555,Oh My God,Adele
38581,Blow That Smoke,Major Lazer & Tove Lo
38587,Here With Me,Marshmello ft. CHVRCHES
38593,Prinsesa,Pop Girls
38620,Mad At Disney,Salem Ilese
38643,Dragostea Din Tei,O-Zone
38662,Can't Get Over You,Gabry Ponte ft. Aloe Blacc
38663,Closer,Saweetie ft. H.E.R
38664,Darkside,Alan Walker ft. AU/RA and Tomine Harkett
38672,Deeper Shade of Blue,Steps
38677,Paradise,"Alan Walker, K-391, Boy in Space"
38680,Tears,Clean Bandit
38691,Ang Kulit,Vice Ganda
38694,High On Life,Martin Garrix ft.Bonn
38771,I Cry,Flo Rida
38797,Torn,Ava Max
38801,High,The Chainsmokers
38802,Sweetest Pie,Megan Thee Stallion & Dua Lipa
38804,That That,PSY feat. BTS SUGA
38805,Big Time Rush,Big Time Rush
38857,You Don't Know Me,Ofenbach
38869,All Falls Down,Alan Walker ft. Noah Cyrus & Digital Farm Animals
38884,Maybe You're The Problem,Ava Max
38888,Sooner Or Later,Years & Years
38899,Don't Wait Up,Shakira
38907,Dancing Feet,Kygo
38914,Shut Up,Mia Rodriguez
38958,Best Time,BGYO
38964,Cut to the Feeling,Carly Rae Jepsen
38970,HayPa,MMJ
38972,I Love U,The Chainsmokers
38981,Numb,"Marshmello, Khalid"
38989,Sacrifice,The Weeknd  ft. Swedish House Mafia
38994,Who's Laughing Now,Ava Max
39013,Cold Heart,"Elton John, Dua Lipa"
39018,Just Friends,WHY DON'T WE
39053,Don't Wake Me Up,"Jonas Blue, Why Don't We"
39061,Coloured Kisses,Martika
39068,BREAK MY SOUL,Beyonce
39069,Bumble Bee,Bambee
39081,Favorite Girl (Uh-Oh),Raf Davis ft. King Badger
39087,How Do I Make You Love Me?,The Weeknd
39092,Mahal Kong Pilipinas,JMara
39126,Heart,Sabrina
39138,One Thing Leads To Another,The Fixx
39157,Hello World,Alan Walker
39181,Fun Tonight,Lady Gaga
39184,Hero,Cash Cash ft. Christina Perri
39185,Hold On,Martin Garrix
39186,I'm Good (Blue),David Guetta & Bebe Rexha
39188,Make You Say,"Zedd, Maren Morris & Beauz"
39194,So Far Away,Martin Garrix & David Guetta
39195,Somebody Like You,"GATTUSO, Frogmonster, KZ Tandingan"
39198,Thought About That,Noa Kirel
39206,The Drum,Alan Walker
39210,Sunroof,"Nicky Youre, Dazy"
39219,PS5,"Alan Walker, Salem Ilese, and TOMORROW X TOGETHER"
39221,Sweet Talker,Years & Years & Galantis
39256,Whenever You Need Somebody,Rick Astley
39294,DON'T YOU WORRY,"Black Eyed Peas, Shakira, David Guetta"
39308,Living Without You,"Sigala, David Guetta, Sam Ryder"
39315,No One Dies From Love,Tove Lo
39317,Run Into Trouble,Alok & Bastille
39326,Three Little Birds,"Timmy Trumpet, Prezioso, 71 Digits"
39329,Vibe Like This,"SG Lewis, Ty Dolla "
39341,Mr Nice Guy,Wengie x Inigo Pascual
39343,Million Dollar Baby,Ava Max
39349,Everybody Have Fun Tonight,Wang Chung
39351,Only Fan,Bazzi ft. Cordae
39361,C'est La Vie,"Yung Gravy, bbno"
39376,Dance With Me Tonight,Olly Murs
39382,Always Be There,"Jonas Blue, Louisa Johnson"
39383,Aswang',ALAMAT
39385,Bye Bye,"Marshmello, Juice WRLD"
39401,Never Gonna Not Dance Again,PINK
39403,Obsessed,"Calvin Harris, Charlie Puth, Shenseea"
39466,You Never Stop Me From Loving You,SONIA
39478,Dati-Dati,Sarah Geronimo
39481,DOUBLE D'Z,"Black Eyed Peas, J. Rey Soul"
39484,Grapefruit,Tove Lo
39490,Love The Way You Love (Remix),"Olivia King, Alayna Grace"
39491,Lovesick,Alan Walker
39504,Who's Gonna Love You Tonight,Snakehips & Tinashe
39508,Let Me Hold You(Turn Me On),Cheat Codes & Dante Klein
39509,Never Forget You,"Zara Larsson, MNEK"
39510,Break A Sweat,Becky G
39526,Tell It To My Heart,Taylor Dayne
39541,Everybody's Cool,Two Door Cinema Club
39560,Back To You,"Lost Frequencies, Elley Duhe, X Ambassadors"
39568,Ghost of You,Mimi Webb
39571,Hotter Than Hell,Dua Lipa
39577,Never Mind Let's Break Up,Lany
39588,Shine Over Me,Kisma & Shira
39593,Kiss You,Caity Baser
39602,You Know What I Need,"PNAU, Troye Sivan"
39644,No New Friends,"Lsd Ft. Labrinth, Sia & Diplo"
39647,One Of Us,Ava Max
39648,Radio,"Sigala, MNEK"
39651,Shut Up,Alan Walker & UPSAHL
39656,Weekends,"Jonas Blue, Felix Jaehn"
39657,Work With My Love,Alok & James Arthur
39670,All By Myself,"Alok, Sigala & Ellie Goulding"
39671,Ghost,Ava Max
39713,Can't Tame Her,Zara Larsson
39715,Check Please,Owl City - Adam
39716,Entertain Me,Ylona Garcia
39726,Make Me Feel,The Chainsmokers
39729,Saturday/Sunday,Jason Derulo & David Guetta
39730,Silent Running,Gorillaz ft. Adeleye Omotayo
39735,PICK YOUR POISON,BREE RUNWAY
39737,Dancings Done,Ava Max
39770,Wings,Jonas Brothers
39781,Eyes Like Yours,Shakira
39782,Feels This Good,"Sigala, Mae Muller, Caity Baser"
39786,Heart Wants What It Wants,Bebe Rexha
39787,Here We Go Again,Oliver Tree & David Guetta
39788,Miracle,"Calvin Jarris, Ellie Goulding"
39819,Ring Ma Bell,Two X
39853,Can't Get Enough,Big Time Rush
39873,Tell It To My Heart,MEDUZA ft. Hozier
39877,Waffle House,Jonas Brothers
39879,With All My Heart,ILLENIUM
39890,Para,YARA
39892,Use Me (Brutal Hearts),Diplo ft. Sturgill Simpson ft. Dove Cameron
39894,AM:PM,Maia Wright & NOTD
39918,Funhouse,Pink
39923,Came Here For Love,"Sigala, Ella Eyre"
39925,Ciao Adios,Anne-Marie
39932,Forever Young,UNDRESSD
39934,GENTO,SB19
39952,Spicy,aespa
39956,Tick Tock,Clean Bandit and Mabel ft. 24kGoldn
39959,Weapons,Ava Max
39961,Satellite,Bebe Rexha & Snoop Dogg
39974,Friends,BloodPop and Justin Bieber
40009,Dance The Night,Dua Lipa
40010,Finally,Jonas Blue ft. RANI
40020,Por Favor,"Pitbull, Fifth Harmony"
40022,Rocket to Uranus,Vengaboys
40023,Self Destruction Mode,"The Chainsmokers, bludnymph"
40031,Vampire,Olivia Rodrigo
40045,Cold As Ice,Ava Max
40048,Geronimos Cadillac,Modern Talking
40049,Everyday,PSY
40062,Party In The U.S.A.,Miley Cyrus
40063,I Gotta Feeling,Black Eyed Peas
40091,Boy's a Liar,PinkPantheress
40094,Car Keys (Ayla),Alok & Ava Max
40095,Choose Your Fighter,Ava Max
40112,MIND YOUR BUSINESS,"will.i.am, Britney Spears"
40125,Super Shy,NewJeans
40127,Mama,Clean Bandit feat. Ellie Goulding
40129,Only Love Can Save Us Now,Kesha
40131,Heaven Will Know,Modern Talking
40166,Better Things,aespa
40169,Coming Your Way,"Michael Brun, AnneMarie, Becky G"
40178,One in a Million,Bebe Rexha & David Guetta
40183,Rush,Troye Sivan
40184,Single Soon,Selena Gomez
40190,Voices In My Head,Ashley Tisdale
40201,Day And Night,Alamat
40202,Dancing's Done,Ava Max
40206,Hard 2 Forget,Steps
40242,On My Love,"Zara Larsson, David Guetta"
40243,On My Way,"Alan Walker, Sabrina Carpenter & Farruko"
40267,Better Place,NSYNC
40268,Essence,Oliver Tree
40269,Mosquito,PinkPantheress
40271,That's What Love Can Do,Boy Krazy
40272,Trombone,AronChupa & Little Sis Nora
40284,Summertime Friends,The Chainsmokers
40291,Big FU,"David Guetta, Ayra Starr & Lil Durk"
40297,Heart Still Beating,Nathan Dawe x Bebe Rexha
40304,Loka Loka,Queen Manica
40316,You & I,Rita Ora
40324,Got Me Started ,Troye Sivan
40358,exes,Tate McRae
40365,Little Swing,AronChupa ft. Little Sis Nora
40376,Think Of Us,The Chainsmokers ft. GRACEY
40383,When We Were Young,David Guetta & Kim Petras
40412,Close To You (Down Town Mix),Whigfield
40415,greedy,Tate McRae
40434,Why Can't I Have Two? (2468),Caity Baser
40447,Praise You Radio Edit,Fatboy slim
40495,Nonsense,Sabrina Carpenter
40520,Bad Woman,Paloma Faith
40522,Leave Me Alone,Caity Baser
40542,Doo Whop,Whigfield
40562,Rebel,TVXQ
40567,Last of Us,Gryffin ft. Rita Ora 
40575,Selos,Shaira
40597,Head Shoulders Knees and Toes,Ofenbach & Quarterhead ft. Norma Jean
40599,Love On,Selena Gomez
40607,Son of Beast,TO1
40613,Love Is Gone (Acoustic),Slander ft. Dylan Matthew
40627,Espresso,Sabrina Carpenter
40631,My Oh My,Ava Max
40633,Pantropiko,BINI
40637,All My Life,Tiesto
40653,Beside You,James Blunt
40692,You're Hired,NEIKED feat. Ayra Starr
40693,Nice to meet you,PinkPantheress
40717,HE KNOWS,Camila Cabello ft. Lil Nas X
40731,Powerful Women,Pitbull x Dolly Parton
40740,WORK,ATEEZ
40743,Hit & Run,Shenseea ft Masicka Di Genius
40744,Down,Jason Derulo  David Guetta
40746,Lovers In A Past Life,Calvin Harris and Rag'n'Bone Man
40754,Guilty as Sin,Taylor Swift
40755,Ready,apl.de.ap SB19
40756,"Salamin, Salamin",Bini
40758,My World,Sophie
40774,All I Want,Inoj
40778,Call Your Name,Alesso & John Newman
40806,No Shade at Pitti,The Chainsmokers
40809,I Feel Good,BINI
40813,Bejeweled,Taylor Swift
40822,Fall At Your Feet,CYRIL with Dean Lewis
40847,I'm The Drama,Bebe Rexha
40865,Cherry On Top,BINI
40868,Moonlight,SB19
40874,Tarzan & Jane,Toy-Box
40882,Miss Me Too,Griff
40895,Chk Chk Boom,Stray Kids
40897,Cry Baby,"Clean Bandit, Anne-Marie, David Guetta"
40912,LMK,Calista
40916,No Angels,Justin Timberlake
40926,Waitin' For Saturday,whigfield
40928,Who I Am,"Alan Walker, Putri Ariani, Peder Elias"
40934,15 Minutes,Madison Beer
40942,I Think We're Alone Now,Tiffany
40964,I Like It,"Alesso, Nate Smith"
40966,In The Dark,Armin Van Buuren & David Guetta ft. Aldae
40972,Medyo Crazy,"Robledo Timido ft. Cozyivy, Dyco"
40978,Taste,Sabrina Carpenter
40995,Curious,UNIS
41024,Electric Chapel,Lady Gaga
41033,Run Up,Major Lazer ft. Party Next Door & Nicki Minaj
41048,Goodbye,Jason Derulo & David Guetta
41055,Princess of the Night,Modern Talking
41059,Summerboy,Lady Gaga
41105,Over The Moon,TXT
41113,She's Crazy But She's Mine,Alex Sparrow
41150,Forever Young,"David Guetta, Alphaville, Ava Max"
41195,Andito Lang,BGYO
41202,DELUSIONAL,Kesha
41221,Confessions,Flo Rida ft. HEESEUNG & JAKE of ENHYPEN x Paul Russell
41223,Dancing In Love,"Alan Walker, MEEK"
41237,Work Me Out,Shenseea
41265,Blink Twice,BINI
41284,Told You So,Martin Garrix & Jex
41290,Boys Love Girls,4EVE
41292,Another Lonely Night,Adam Lambert
41304,Abracadabra,Lady Gaga
41308,Last Night's Mascara,Griff
41321,Peace Talk,Maribou State ft. Holly Walker
41333,Alas Dose,Calista
41340,Gigil,BGYO
41359,When We Kiss,Olly Alexander
41389,Avalon,"Alan Walker,Anne Gudrun"
41390,Beautiful People,David Guetta & Sia
41391,End of the World,Miley Cyrus
41396,I Miss You,"SABAI, Somna & RUNN"
41397,Iced Coffee,Pixie
41399,No Goodbyes,Dua Lipa
41400,Raving In The Studio,"Aitch, Bou"
41402,Shadow Of A Man,Lady Gaga
41451,Dreams Come True,S.E.S
41482,What Was That,Lorde
41486,Last Dance,Dua Lipa
41494,Kilig,Baywalk Bodies
41512,So Happy I Could Die,Lady Gaga
41514,Is it over now?,Taylor Swift
41523,HEAVY LOVE,Odetari
41566,My Life,Steve Aoki & David Guetta
41594,Slow Motion,"Marshmello, Jonas Brothers"
41625,Dirty Work,aespa
41643,No Time To Talk,Jonas Brothers
41654,Need You More,Teddy Swims
41670,Lost Your Faith,Ava Max
41681,Suzanne,"Mark Ronson, RAYE"
41700,Lovin Myself,Ava Max
41724,Dreamin,Dom Dolla ft. Daya
41737,Mamma Mia,ripley alexander
41750,Dior,MK & Chrystal
41755,THE ONE,Kesha
41760,Last night I dreamt I fell in love,Alok & Kylie Minogue
41773,Touch,KATSEYE
41825,I Can Do It With a Broken Heart,Taylor Swift
41828,Bed of Lies,Alice Chater
41828,Bed of Lies,Alice Chater
41849,The Fate of Ophelia,Taylor Swift
41849,The Fate of Ophelia,Taylor Swift
41854,Don't Leave,Cheat Codes
41854,Don't Leave,Cheat Codes
41863,WE GO UP,BABYMONSTER
41863,WE GO UP,BABYMONSTER
41865,Supernova,aespa
41865,Supernova,aespa
41875,Opalite,Taylor Swift
41875,Opalite,Taylor Swift
41877,Aloe Vera,BGYO
41877,Aloe Vera,BGYO
41897,Fantasy Boy,New Baccara
41897,Fantasy Boy,New Baccara
41909,Best Friend,Toy-Box
41911,Disease,Lady Gaga
41936,Garden Of Eden,Lady Gaga
41938,Hallucinate,Dua Lipa
41954,Midnight Rain,Taylor Swift
41958,Crush,Tweens of Pop
42025,Jai Ho,"A.R. Rahman, The Pussycat Dolls ft. Nicole Scherzinger"
42026,Million Good Reasons,Robin Schulz x FAST BOY
42028,Vanish Into You,Lady Gaga
42033,Love In My Heart,BABYMONSTER
42051,Wish List,Taylor Swift
