355,Me And Mrs. Jones,Dr.  Dre
597,Baby I Love Your Way,Big Mountain
644,Hey Mr. DJ,Zhane
645,Ice Ice Baby,Vanilla Ice
763,Ang Tipo Kong Lalaki,DJ Alvaro
792,Kahit Na,DJ Alvaro
943,Chain Of Fools,Aretha Franklin
1478,Can't Help Wondering Why,Dessa
1604,RIGHT HERE,S.W.V.
1743,I Want You,Thalia ft Fat Joe
1774,Makulit,DJ Alvaro
1782,Sayang,Parokya Ni Edgar
1785,Singkit,DJ Alvaro
1792,The APL Song,Black Eyed Peas
1806,Parang Bad Habit,DJ Alvaro
2244,CORAZ`ON HERIDO,ARIA 8
2371,Nena,2ez2c
3589,Relax,To Hollywood
3782,BYE BYE BABY,MADONNA
4262,Gangsta's Paradise,Coolio
4530,I NEVER LOVED A MAN,ARETHA FRANKLYN
4921,BANYO QUEEN,ANDREW E.
4997,BANYO QUEEN,ANDREW E.
5067,Ice Ice Baby,Vanilla Ice
5459,Loving You,Diano Ross
5490,Humanap Ka Ng Panget,Andrew E.
5602,Independent Woman,Destiny's Child
5679,Andrew ford Medina,Andrew E.
5690,KUNG KAILANGAN MO AKO,DONA CRUZ
5732,"Manana, Mamaya Na",Jalil
5777,Independent Women,Destiny's Child
5778,Say My Name,Destiny's Child
5779,Survivor,Destiny's Child
5818,CARWASH,Andrew E.
5871,Stupid Love,Salbakuta 
5945,Brown Eyes,Destiny's Child
5954,DI KARAPAT-DAPAT,SALBAKUTAH
6013,Sinabmarin,Andrew E.
6525,Emotion,Destiny's Child
6714,Brown Eyes,Destiny' Child
6795,Ice Ice Baby,Vanilla Ice
6843,DIRRTY,Christina Aguilerra
6871,Jenny From The Block,Jennifer Lopez
6927,KAHIT NA PANGIT KA,DJ ALVARO
6953,Papa Ka Ba,DJ Alvaro
6967,DI KARAPATDAPAT,SALBAKUTAH
6999,CLEANING MY CLOSET,EMINEM
7095,Where's The Love,Black Eyed Peas
7129,Sana Do,Andrew E.
7201,Call Me,Aretha Franklin
7214,Kahit Na,DJ Alvaro
7276,BANYO QUEEN,ANDREW E.
7326,CARWASH,Andrew E.
7338,Makulit,DJ Alvaro
7347,Singkit,DJ Alvaro
7357,The APL Song,Black Eyed Peas
7379,Crazy Inlove,Beyonce
7380,DESIGN FOR LOVE,JAY R
7393,I Want You,Thalia ft Fat Joe
7402,Alabang Girls,Andrew E.
7403,Andrew ford Medina,Andrew E.
7405,Mahirap Ang Maging Pogi,Andrew E.
7455,KAHIT NA PANGIT KA,DJ ALVARO
7502,IndaClub,50 Cents
7533,UBOS NA ANG PASENSYA,OGIE N' SALBAKUTAH
7561,Alabang Girls,Andrew E.
7623,Can't Hold Us Down,Christina Aguilera
7792,Pink Palaka,Andrew E.
7793,Simpleng Tao,Gloc 9
7805,Stan,Eminem
7836,Daisy Otso,Keekaayz
7842,Family Affair,Mary J. Blige
7882,Make You Mine,Nina
7997,Around You,Tribe Of Levi
8012,Itsumo,Dice & K9
8046,Hinahanap Ng Puso,Gloc 9
8049,"Crispy Na, Creamy Pa",Andrew E.
8071,Kabataan Para Sa Kinabukasan,Francis M.
8088,Hey Mama,Black Eyed Peas
8122,My Place,Nelly
8233,Feel Good Inc.,Gorillaz
8245,Lose My Breath,Destiny's Child
8247,Don't Phunk With My Heart,Black Eyed Peas
8276,Don't lie,BLack Eyed Peas
8291,Hollaback Girl,Gwen Stefani
8317,I Dont Care,Ricky Martin
8323,Bestfriend,Dice and K9
8351,My Humps,Black Eyed Peas
8391,Average Joe,Y-Not
8395,Bebot,Black Eyed Peas
8433,Beep,Pussycat Dolls
8466,Superproxy2K6,FrancisM
8470,BUTTONS,PUSSYCAT DOLLS
8517,BESTFRIEND,DICE AND K9
8518,PANAGINIP,CRAZY AS PINOYS
8558,KARMA,ALICIA KEYS
8562,SANA,GAGONG RAPPER
8563,Kabet,Gagong Rapper ft. Kyla
8615,Huling Hiling,Gagong Rapper
8620,LANDO,GLOC 9 FEAT FRANCIS M
8826,Baile,Rochelle Pangilinan Feat. Gloc 9
8865,Beautiful Girls,Sean Kingston
8879,Mas Gusto Mo S'ya,Andrew E.
8922,Beautiful Girl,Sean Kingston
8972,SUMAYAW KA,GLOC 9
9086,Pambihira,Francis M.
9093,Shut Up,Black Eyed Peas
9223,BAWAT BATA,AIKEE
9235,BACK TO BLACK,AMY WINEHOUSE
9238,REHAB,AMY WINEHOUSE
9265,Torpedo,GLoc9 feat.JP Cuison of Kiko Machine
9280,Take You There,Sean Kingston
9289,FOUR MINUTES,MADONNA FT. JUSTIN TIMBERLAKE
9303,BELLY DANCER,AKON
9305,EARGASMIC,DICE AND K9
9308,I WANNA LOVE YOU,AKON FT. SNOOP DOGG
9359,Low,Flo Rida ft. T-Pain
9407,Smack That,Akon ft Eminem
9472,Rocaholic,Rochelle Pangilinan
9557,TORPE,Kontagious
9610,Cold Summer Nights,Francis M.
9835,Kahit Na,X-Crew
9906,Upuan,Gloc 9 feat. Jeazell Grutas
9907,Higante,Ely Buendia & Fransis M.
9964,Dry Your Eyes Mate,The Streets
10101,Gugmang Ga Aso-Aso,DJ Rowel
11026,Martilyo,Gloc 9 ft Dex of LDS
11035,Taas Noo,Amber Davis Feat. Gloc 9
11059,Wind It Up,Gwen Stefani
11064,Dangerous,Akon feat. Kardinal Official
11066,Wait A Minute,Pussycat Dolls feat Timbaland
11139,Sexy Bitch,David Guetta ft Akon
11172,Airplane,B.O.B. Feat Hayley and Eminem
11188,Eenie Meenie,Sean Kingston ft Justin Bieber
11191,Never Say Never,Justin Bieber ft. Jaden Smith
11214,Duffle Bag Boy,Playas Circle Ft. Lil Wayne
11217,Grillz,Nelly ft Paul Wall
11219,I Luv It,Young Jeezy
11257,White & Nerdy,Weird Al Yankovic
11258,This Is Why Im Hot (DIRTY),Mims
11267,Shawty Is A 10,The Dream
11282,Prom Queen,Lil Wayne
11283,Poppin My Collar,Three 6 Mafia
11286,Walk It Out (Dirty),DJ Unk
11300,We Taking Over,DJ Khaled
11311,Throw Some Ds (Dirty),Rich Boy
11314,Pump It,Black Eyed Peas
11317,When I'm Gone,Eminem
11323,Paper Planes,M.I.A.
11337,Find Your Love,Drake
11338,Love The Way You Lie,Eminem ft Rihanna
11339,The Way I Am,Eminem
11357,Fire Burning,Sean Kingston
11365,Stand Up For Love,Destiny's Child
11398,Back To Love,Quest ft Nimbus
11447,Empire State Of Mind (New York),Jay-Z ft Aicia Keys
11453,Best Behavior,N-Dubz
11482,Walang Natira,Gloc 9 ft Sheng Belmonte
11549,Look At Me Now,Chris Brown Ft Lil Wayne & Busta Rhyme
11557,6 Foot 7 Foot,Lil Wayne
11615,Super Bass,Nicki Minaj
11625,Lighters,Bad Meets Evil ft. Bruno Mars
11638,Imma Be,Black Eyed Peas
11696,Teach Me How To Dougie,Cali Swag District
11723,HARI NG TONDO,GLOC9
11771,5 O'Clock,T Pain ft. Wiz Khalifa & Lily Allen
11794,Bagsakan,Parokya Ni Edgar Ft Francis M. & Gloc 9
11797,Stoned,Wiz Khalifa
11801,Pretty Girls,Iyaz ft. Travie McCoy
11802,Syllables,Eminem
11818,How To Love,Lil Wayne
11868,Hot In Herre,Nelly
11872,Lose Yourself,Eminem
11875,Mocking Bird,Eminem
11886,Till I Collapse,Eminem
11901,Not Afraid,Eminem
11933,Both Of Us,B.O.B. ft. Taylor Swift
11939,Drank In My Cup,Kirko Bangz
11943,Mercy,Kanye West
11944,Cashin' Out,CashOut
11946,Young Wild & Free,Snoop Dogg & Wiz Khalifa ft. Bruno Mars
11947,Faded,Tyga ft Lil Wayne
11951,Sirena,Gloc-9 Feat. Ebe Dancel
11977,Dota O Ako,Aikee and Vanessa
11979,The Motto,Drake ft. Lil Wayne
11986,Mga Kababayan,Francis M
11989,Lov Na Lov,Gloc 9 ft Lovie Poe
11990,Blues Nyang Itim,Gloc 9 ft Czarina Rosales
15003,Brokenhearted,Karmin
15021,Payphone,Maroon 5 ft Wiz Khalifa
15031,Sige Lang,Quest
15070,Tao Lang,Looney Ft. Quest
15084,Clique,Kanye West  Jay-Z  Big Sean
15094,As Long As You Love Me,Justin Bieber ft. Big Sean
15138,No Lie,Chainz ft Drake
15144,Pop That,French Montana
15145,Gayuma,Abra ft Thyro & Jeriko Aguilar
15163,Ride Wit Me,Nelly ft St. Lunatics
15191,Bakit Hindi,Gloc 9 Feat. BIlly Joe Crawford
15225,Scream & Shout,Will I Am ft. Britney Spears
15228,Biglang Liko,Ron Henley ft. Pow Chavez
15236,Hagdan,Ron Henley ft Kat Agarrado
15246,Kunwari,Kamikazee Feat. Gloc 9
15254,Sana Di Na Lang,Dello
15284,Hindi Mo Nadinig,Gloc 9 ft. Jay Durias
15340,Katulad Ng Iba,Gloc 9 Feat Zia Quizon
15370,Poetic Justice,Kendrick Lamar ft. Drake
15402,Sana'y Pagbigyan,Juan Rhyme Brothers
15411,Mamatay Man Ako,Jam Disciples
15415,High School,Nicky Minaj
15434,Karakaraka,Vice Ganda ft. Smugglaz
15444,Lord Patawad,Basilyo
15467,Brokenhearted,Lawson Feat. B.O.B.
15512,I'm Out,Ciara ft. Nicky Minaj
15515,Ipagpatawad Mo,Gloc 9
15516,Balita,Gloc 9 ft Gabby Alipe
15517,Elmer,Gloc 9 ft J. Dionisio
15522,Power Trip,J. Cole ft Miguel
15530,Same Love,Macklemore X Ryan Lewis ft Mary Lambert
15567,Alalay Ng Hari,Glock-9 ft. Allan Mitchel
15590,Statue,Lil Eddie
15608,Saludo,Quest
15620,That Girl,Young Jv
15622,Ilusyon,Abra ft Arci
15669,Give It 2 U,Robin Thicke
15693,Binibirocha,Andrew E.
15719,Talk Dirty,Jason Derulo
15729,XXX,Loonie ft Hi-C
15768,Ang Probinsyanang Gwapa,Noel Alamis
15771,Atat,Ron Henley ft. Muriel
15785,Tagay Mo To,D-Coy
15805,Thrift Shop,Macklemore & Ryan Lewis ft Wanz
15836,Trip Lang,Shehyee ft. Sam Pinto
15849,Magda,Glock9 ft. Rico Blanco
15851,Counting Stars,One Republic
15858,Ang Bagong Ako,Greyhoundz Feat. Loonie & Biboy Garcia
15874,Hold On We're Going Home,Drake
15894,Crooked Smile,J. Cole ft TLC
15895,Holy Grail,Jay Z
15913,Walang Kwentang Kanta,Basilyo
15931,The Monster,Eminem ft. Rihanna
16031,Anting-Anting,Sponge Cola feat. Gloc9 & Denise Barbacena
16048,Till I Die,Chris Brown ft Big Sean & Wiz Khalifa
16049,I Can Transform Ya,Chris Brown ft Lil Wayne and Swizz Beatz
16054,Without You,David Guetta ft. Usher
16077,U Can't Touch This,MC Hammer
16098,Man Of The Year,School Boy Q
16102,Show Me,Kid Ink ft Chris Brown
16105,White Walls,Macklemore & Ryan Lewis
16106,My Nigga,"YG ft Jeezy, Rich Homie Quan"
16110,23,Mike Will Made It ft. Miley Cyrus
16114,Diwata,Abra ft Chito Miranda
16125,The Bobo Song,Gloc 9 ft Loonie
16149,Takip Silim,Glock9 ft Regine Velasquez
16153,This Is Love (Radio Edit),Will I Am ft Eva Simons
16158,They Don't Know,Rico Love
16173,John Doe,B.o.B ft. Pricilla
16201,Lumuhod Man Ako,Zaito
16245,Wiggle,Jason Derulo ft. Snoop Dogg
16277,AMA,Zaito
16294,End Up Here,Cher Llyod
16295,Loyal,Chris Brown
16300,Friends,Francis M
16333,That's Just The Way It Is,2Pac
16334,Miss Pakipot,Urban Flow
16342,Believe Me,Lil Wayne ft. Drake
16344,Va Va Voom,Nicki Minaj
16345,No Mediocre,T.I. Feat.Iggy Azalea
16348,We Dem Boyz,Wiz Khalifa
16355,New Flame,Chris Brown ft. Usher & Rick Ross
16358,No Flex Zone,Rae Sremmurd
16361,Asintado,Lirah Bermudez feat. Gloc 9
16400,Or Nah,Ty Dolla Sign ft. Wiz Khalifa & Dj Mustard
16403,0 To 100 The Catch Up,Drake
16407,3005,Childish Gambino
16408,Cut Her Off,KCamp ft. 2 Chainz
16410,Fight Night,90 Migos
16412,Hot Nigga,Bobby Shmurda
16420,Sa Gitna Ng Ulan,"Curse One, Smugglaz, vlynz"
16425,Halika Na,Maja Salvador ft. Abra
16449,Studio,Schoolboy Q (Ft BJ The Chicago Kid)
16453,Lifestyle,Rich Gang ft Young Thug & Rich Homie Quan
16478,Qrush On You,Jay-R Elmo Magalona And Q-York
16506,2 On,Tinashe ft Schoolboy Q
16514,Business Man,Glock-9
16520,Dedma,Abra & Julie Ann
16569,Crazy,Andrew Garcia
16574,Ilibing Ng Buhay,Death Threat
16597,Red Horse,Mike Kosa
16618,I Don't Fuck With You,Big Sean
16619,Coco,O.T.Genasis
16634,Ala-Ala Na Lang,Hambog ft Lun
16684,Only,"Nicki Minaj ft. Drake, Lil Wayne & Chris Brown"
16685,Tuesday,I Love Makonnen ft Drake
16686,No Type,Rae Sremmurd
16688,Beg For It,Iggy Azalea
16691,L.A. Love,Fergie Ferguson
16697,Basta't Kasama Ka,Glock 9 ft Lirah Bermudez
16713,Burnin Up,Jessie J ft 2 Chainz
16749,Bootylicious,Destiny's Child
16752,Good Kid,Kendrick Lamar
16785,Shoop,Salt N Pepa
16786,Whatta Man,Salt N Peppa
16787,Let's Talk About Sex,Salt N Pepa
16797,Tsinelas Sa Putikan,Glock 9 ft Marc Abaya
16812,Coming Home,Diddy Dirty Money ft Skylar Grey
16818,Bakit,Glock 9 ft Cookie Chua
16824,All About It,Hoodie Allen ft. Ed Sheeran
16828,Trouble,Iggy Azalea ft Jennifer Hudson
16843,Langit,Ron Henley ft. BV
16858,See You Again,Wiz Khalifa ft Charlie Puth
16865,Diva,Beyonce
16870,Ayo,Chris Brown ft Tyga
16872,Praning,Datus Tribe
16877,London Bridge,Fergie
16878,GDFR,Flo Rida Sage The Gemini & Lookas
16903,Anaconda,Nicki Minaj
16914,Bad Blood,Taylor Swift ft Kendrick Lamar
16918,Willing To Forgive,Aretha Franklin
16919,Go Hard Or Go Home,Wiz Khalifa ft Iggy Azalea
16921,Deja Vu,Beyonce ft. Jay-Z
16937,Dazed & Confused,Jake Miller ft Travis McCoy
16952,Nakakamiss Lang Kasi,"Smugglaz, Curse One, Dello, Flict G"
16956,One Day,Matisyahu
16960,I'm Flying High,Rita Daniela
16981,Cerberus,Abra ft Loonie & Ron Henley
16987,Nakakalitong Mga Tao,Datu's Tribe
16990,The Next Episode,Dr. Dre ft. Snoop Doog and Nate Dogg
17020,Good Thing,Sage The Gemini ft Nick Jonas
17042,One Man Can Change The World,Big Sean Ft. Kanye West & John Legend
17103,Classic Man,Jidenna ft. Roman GianArthur
17104,Flex,Rich Homie Quan
17106,Nasty Freestyle,T-Wayne
17108,R.I.C.O.,Meek Mill ft Drake
17109,Yoga,Janelle Monae & Jidenna
17114,Be Real,Kid Ink ft Dej Loaf
17125,My Way,Fetty Wap
17148,New Thang,Redfoo
17149,Rumors,Jake Miller
17183,Fall For Your Type,Drake
17186,679,Fetty Wap ft Remy Boyz
17199,Downtown,Macklemore & Ryan Lewis
17211,Whoa Pilipinas,Datus Tribe
17236,Booty,Jennifer Lopez ft Iggy Azalea
17243,Back Up,DeJ Loaf ft Big Sean
17245,I'm The Plug,Drake And Future
17246,Live From the Gutter,Drake And Future
17251,Fall Down,Will.i.am ft Miley Cyrus
17252,Trap Queen,Fetty Wap
17266,All Eyes On You,Meek Mill ft Chris Brown & Nikki Minaj
17284,Jumpman,Drake And Future
17289,Bet You Can't Do It Like Me,Dlow
17309,Back To Back,Drake
17324,The Fix,Nelly ft Jeremih
17326,White Iverson,Post Malone
17341,Abante,Loonie ft Kat Agarrado
17350,Bottoms Up,Trey Songz ft Nicki Minaj
17358,Bug A Boo,Destinys Child
17364,Erase Me,Kid Cudi
17368,Gold Digger,Kanye West ft Jamie Foxx
17371,Comfortable,K Camp
17382,143,Bobby Brackins
17390,Aking Pagmamahal,Repablikan
17391,All Of The Lights,"Kanye West ft Rihanna, Kid Cudi"
17393,Always On Time,Ja Rule
17404,Black And Yellow,Wiz Khalifa
17420,Country Grammar,Nelly
17473,Pilipinas,Quest
17475,Selfish Girls,Jake Miller
17487,Amen,Meek Mill ft Jeremih & Drake
17535,Lot To Learn,Luke Christopher
17553,Right Hand,Drake
17560,Strange Clouds,B.o.B ft Lil Wayne
17567,Mahiwagang Kamote,FrancisM
17574,Stressed Out,Twenty One Pilots
17583,Alligator Sky,Owl City
17605,Dapat Tama,Gloc 9 ft Denise Barbacena
17608,Devil In A New Dress,Kanye West
17629,Ghost in The Machine,B.o.B
17630,Glamorous,Fergie ft Ludacris
17655,Wow,Mike Kosa ft Ayeeman
17663,See You Again(Piano),Charlie Putt
17671,Ayoko Sa Dilim,FrancisM
17672,Clint Eastwood,The Gorrilaz
17687,Bolang Kristal,Abra ft KZ Tandingan
17727,Dear Biyenan,Breezy Boyz And Abaddon
17741,Addams Groove,Mc Hammer
17749,Finna Get Loose,Puff Daddy and The Family (ft Pharrell Williams)
17766,Smiling,Hi Rez
17833,Fly Away,Blaze N Kane ft Pow Chavez
17839,My Boo,Ghost Town Djs
17842,Glory,Common Ft. John Legend
17916,Dahil Sa 'Yo,Andrew E.
17929,Hoy,Gloc 9
17936,Thong Song,Sisqo
17941,On The Wings Of Love,Regine Velasquez
17963,Hold Me,Whitney Houston & Teddy Pendergrass
17996,Do It Like I Dude,Jessie J.
18036,Pag May Alak May Balak,Skusta Clee
18057,Sa Una Ka Lang Magaling,Skusta Clee Ft Flow G
18058,Dami Mong Alam,Skusta Clee ft Flip D
18071,Growing Up (Sloane's Song),Macklemore And Ryan Lewis ft Ed Sheeran
18096,The Real Slim Shady,Eminem
18122,Still Here,Drake
18130,Lifted,CL
18154,Digital Dash,Drake & Future
18219,Sucker For Pain,Lil Wayne Wiz Khalifa & Imagine Dragons w Logic & Ty Dolla 
18234,One Away,Sean Kingston
18238,Don't Mind,Kent Jones
18244,My Favorite Part,Mac Miller feat. Ariana Grande
18309,Give It Up,Nathan Sykes  ft. G-Eazy
18329,Broccoli,Big Baby D.R.A.M.
18331,Dance Off,Macklemore & Ryan Lewis
18339,Purple Lamborghini,Skrillex & Rick Ross
18340,OOOUUU,Young M.A
18387,Baby Love,Nicole Scherzinger ft will.i.am
18461,Love Story Ko,Gloc 9
18499,Ako Ay Probinsyano,Gloc-9 ft Ebe Dancel
18501,Sagwan,Gloc 9 ft Monty Macallino of Mayonnaise
18503,Label,Myrtle Sarrosa ft Abra
18525,Shoot Shoot Anime,Andrew E.
18526,Banyo Queen ah-ah uhm-hum,Andrew E. ft Rica Paralejo
18541,Ride,Twenty One Pilots
18542,Lean And Dab,iLoveMemphis
18548,Get On Your Knees,Nicki Minaj ft Ariana Grande
18570,Think,Aretha Franklin
18616,Informer,Snow
18649,Pinoy Ang Gusto,DJ Alvaro
18652,Good Vibes,Quest feat Mayonnaise
18802,Balewala,Loonie
18817,Mahal Kita,Andrew E.
18820,Swalla,jason Derulo ft Nicki Minaj & TY Dolla Sign
18823,iSpy,KYLE ft Lil Yachty
18826,Good Life,G-Eazy & Kehlani
18833,Nobody's Better,Z ft. Fetty Wap
18847,Walang Hanggan,Quest
18857,Pinoy Ang Gusto Ko,Dj Alvaro
18982,Alive,Black Eyed Peas
26094,Akala Ko,uess
26160,Bituin,Shehyee ft Keiko Necesario
26200,You Stole My Heart Away,Big Mountain
26203,Ito Ang Gusto Ko,Francis Magalona
26217,Himig Ng Panahon,"Luke Mejares, Duncan Ramos, Thyro and Yumi, Loonie"
26227,Foolish,Ashanti
26250,Man From Manila,Francis Magalona
26262,Passionfruit,Drake
26314,Mask Off,Future
26319,Slippery,Migos ft. Gucci Mane
26325,Kaliwa't Kanan,Julian Sean ft Smugglaz
26346,Drowning,A Boogie Wit Da Hoodie ft Kodak Black
26349,HUMBLE,Kendrick Lamar
26354,Everyday We Lit,YFN Lucci ft. PnB Rock
26364,New Day,Alicia Keys
26370,Rolex,Ayo & Teo
26373,I'm The One,DJ Khaled  ft. Justin Bieber Quavo Chance the Rapper Lil Wayne
26378,Kulay,Young JV
26382,Congratulations,Post Malone ft. Quavo
26419,Ice Tubig,Gloc 9 ft Mike Luis
26428,Rake It Up,Yo Gotti ft. Nicki Minaj
26434,Hoedown Throwdown,Miley Cyrus
26439,Love Galore,SZA ft. Travis Scott
26440,Bank Account,21 Savage
26442,I'll C U When U Get There,Coolio
26449,I'll Be Missing You,Puff Daddy
26450,First Day,Tee Grizzley
26466,Bodak Yellow,Cardi B
26468,I Think I'm In Love,Kat Dahlia
26469,1-800-273-8255,Logic ft. Alessia Cara & Khalid
26479,Swish Swish,Katy Perry ft. Nicki Minaj
26487,The Crossroads,Bone Thugs N' Harmony
26509,I Get The Bag,Gucci Mane ft Migos
26523,Trap Paris,Machine Gun Kelly ft.Quavo Ty Dolla Sign
26547,Let Me Blow Ya Mind,Eve ft Gwen Stefani
26553,Million Dollar Bill,Whitney Houston
26562,Rapture,Blondie
26572,Rockstar,Post Malone
26646,End Game,Taylor Swift Ft Ed Sheeran & Future
26705,Unforgettable,French Montana ft. Swae Lee
26710,Tagay,Quest
26718,Hayaan Mo Sila,"Ex Batallion, OC Dawgs ft J Roa"
26727,No Limit,G Eazy
26729,Gucci Gang,Lil Pump
26740,Walk On Water,Eminem Ft. Beyonce
26755,Who's Loving You,Jackson 5
26763,River,Eminem ft. Ed Sheeran
26767,Let You Down,NF
26769,Ric Flair Drip,Offset & Metro Boomin
26771,Juju On That Beat,Zay Hilfigerr & Zayioin McCall
26778,Plain Jane,ASAP Ferg
26780,Hit 'Em Up Style(Oops!),Blu Cantrell
26782,Bartier Cardi,Cardi B ft Savage 21
26786,MotorSport,"Migos, Nicki Minaj ft Cardi B"
26787,TRPKNNMN,Gloc9 ft Agsunta
26788,I Don't,Mariah Carey ft YG
26838,God's Plan,Drake
26840,Him & I,G-Eazy & Halsey
26844,Lemon,N.E.R.D. ft Rihanna
26848,Inday,Salbakuta
26852,Together,Ne-Yo
26891,Peque,Apekz ft Abra & Mikerapphone
26900,Sky Walker,Miguel ft Travis Scott
26907,Nadarang,Shanti Dope
26911,Psycho,Post Malone ft. Ty Dolla Sign
26912,Look Alive,BlocBoy JB & Drake
26964,Di Sadya,Repablikan
26965,New Freezer,Rich The Kid ft Kendrick Lamar
26966,Plug Walk,Rich The Kid
26967,Shanti Dope,Shanti Dope ft. Gloc 9
26969,Sad,XXXTENTACION
26970,Outside Today,YoungBoy Never Broke Again
26979,All The Stars,Kendrick Lamar ft SZA
26981,Be Careful,Cardi B
26982,I Wish,Cher Lloyd ft T J
26983,Move On,Curse One
26984,Alaala Na Lang,Hambog Ng Sagpro Krew ft LUN
26985,Freaky Friday,Lil Dicky
26988,Mau,Shanti Dope
27000,Paglisan,Repablikan
27006,Kailangan Kita,Curse One
27009,Changes,XXXTENTACION
27011,Kahit Di Na Tayo,Yumi ft Curse One
27013,The Way I Are,Timbaland
27032,Moonlight,XXXTentacion
27039,King's Dead,Jay Rock Kendrick Lamar Future
27041,Walk It Talk It,Migos ft Drake
27046,Empire State of Mind,Alicia Keys
27072,Never Gonna Let You Go,Faith Evans
27116,Rich Sex,Nicky Minaj ft Lil Wayne
27128,Pag-asa,Chocolate Factory ft Sinio
27134,Girls,"Rita Ora ft. Cardi B, Bebe Rexha & Charli XCX"
27148,Forever Always,Peter CottonTale ft. Chance The Rapper Rex Orange
27151,God Is A Woman,Ariana Grande
27158,I Like It,"Cardi B, Bad Bunny & J Balvin"
27162,Lucid Dreams,Juice Wrld
27166,Powerglide,Rae Sremmurd
27170,BED,Nicki Minaj feat Ariana Grande
27185,In My Feelings (Kiki Do You Love Me),Drake
27191,Better Now,Post Malone
27192,Attention,Post Malone ft Drake
27215,Now & Later,Sage The Gemini
27220,Nice For What,Drake
27228,No Brainer,"DJ Khaled ft Justine Bieber, Chance the Rapper, Quavo"
27240,Taste,Tyga ft Offset
27241,FEFE,6IX9INE ft. Nicki Minaj
27250,I Believe,DJ Khaled ft. Demi Lovato
27285,I Believe In You And Me,Whitney Houston
27288,Welcome To The Party,"Diplo, French Montana & Lil Pump ft Zhavia Ward"
27289,Rap Devil(Eminem Diss),Machine Gun Kelly
27292,New Face,Psy
27315,Bad And Boujee,Migos ft. Lil Uzi Vert
27350,Best Hugs,DRAM
27354,Everybody Dies,Logic
27355,Lucky You,Eminem
27362,ZEZE,Kodak Black ft Travis Scott & Offset
27368,Lagi,Gloc-9 feat Al James
27402,XO Tour Llif3,Lil Uzi Vert
27407,Kung Sana Lang,Yayoi of 420 Soldierz
27408,Falling Down,Lil Peep & XXXTENTACION
27409,Wake Up In The Sky,Gucci Mane Bruno Mars Kodak Black
27437,Cebuana,Karencitta
27438,Dip,Tyga ft. Nicki Minaj
27458,Haring Araw,Apekz
27460,Ring,Cardi B ft. Kehlani
27465,I Love It,Kanye West  Lil Pump ft. Adele Givens
27466,Woman Like Me,Little Mix ft. Nicki Minaj
27467,Chambe,Alex Gonzaga
27471,Don't Push Me,Sweetbox
27481,No Pressure,Justin Bieber ft. Big Sean
27486,U Cry,Tyga
27489,Money,Cardi B
27492,Drip Too Hard,Lil Baby & Gunna
27494,Going Bad,Meek Mill ft. Drake
27497,Mo Bamba,Sheck Wes
27519,Pauwi Nako,O.C. Dawgs ft Yuri Dope Flow G
27523,The Ringer,Eminem
27526,Switch It Up,Lavaado
27528,Sunflower,Post Malone & Swae Lee
27533,Juice,Lizzo
27534,Norem,Shanti Dope Ft J. Kris Abaddon & Gloc-9
27545,Butterfly Doors,Lil Pump
27551,Wow,Post Malone
27582,Please me,Cardi B ft Bruno Mars
27589,Hard White,Nicki Minaj
27590,Check On It,"Beyonce ft Bun B, Slim Thug"
27592,Middle Child,J. Cole
27600,Together,Ne-yo
27643,No More Sad Songs,Little Mix ft. Machine Gun Kelly
27647,Look Back At It,A Boogie Wit Da Hoodie
27649,Dalaga,Allmost
27652,Thotiana,Blueface ft Cardi B
27653,Me Myself & I,G-Eazy feat Bebe Rexha
27677,Keanu Reeves,Logic
27682,Clout,Offset ft Cardi B
27692,Much Better,Skuzta Clee
27697,I'm Different,2 Chainz
27698,Swervin,A Boogie Wit Da Hoodie ft. 6ix9ine
27701,Leave Me Alone,Flipp Dinero
27703,Old Town Road (Remix),Lil Nas X ft Billy Ray Cyrus
27708,Amatz,Shanti Dope
27716,Jumping On A Jet,Future
27721,Ngayong Gabi,Al James
27730,Candy Shop,50 Cent
27734,Maleta,Gloc-9 ft. Julie Ann San Jose
27735,Think About Us,Little Mix ft Ty Dollar Sign
27741,Tuloy Pa Rin,"Thyo, Yumi, Donnalyn Bartolome & Sh"
27765,Tempo,Lizzo ft Missy Elliot
27775,Sa Susunod Na Lang,Skusta Clee ft Yuri
27778,From Saudi With Love,Loonie ft KA Antonio of Ajka
27786,Goddamn,Tyga
27795,Slide,French Montana ft. Blueface & Lil' Tjay
27806,Where You Are,Whitney Houston
27957,Bahalag Dili Gwapo,Miga Ta Babes
27958,Perting Gwapaha,Migo Ta Bai
28021,Cross Me,Ed Sheeran ft Chance The Rapper & PnB Rock
28022,Rodeo,"Lil Nas X, Cardi B"
28023,Bounce Back,Little Mix
28024,Homicide,Logic ft. Eminem
28030,Masarap Ang Bawal,G-Clown
28033,Imposible,KZ x Shanti Dope
28034,Good As Hell,Lizzo
28043,Robbery,Juice WRLD
28054,Panini,Lil Nas X
28094,Act Up,City Girls
28095,Suge (Yea Yea),DaBaby
28098,Earth,Lil Dicky
28099,Candy,Machine Gun Kelly
28102,Susana,Shernan
28103,Be Nice,The Black Eyed Peas ft. Snoop Dogg
28104,Truth Hurts,Lizzo
28108,Remember The Name,Ed Sheeran ft Eminem 50 Cent
28112,Sasamahan Kita,Quest
28113,MEGATRON,Nicki Minaj
28122,Money In The Grave,Drake ft Rick Ross
28123,Antisocial,Ed Sheeran & Travis Scott
28131,Angel,Fifth Harmony
28173,Rawstarr 'Til I Die (Batang Pasaway),Psychedelic Boyz
28176,Throw It Back,Missy Elliott
28180,Pati Pato,"Shanti Dope, Chito Miranda, Gloc-9, DJ Klumcee"
28181,Won't Be Late,"Swae Lee, Drake"
28199,Hot Girl Summer,Megan Thee Stallion ft. Nicki Minaj & Ty Dolla Sign
28253,I'll Hurt You,Busta Rhymes feat Eminem
28265,Civil War,Russ
28269,Lakambini Bottom,Datus Tribe
28274,Baliw Sayo,JRoa ft. Bosx1ne
28277,Gone,Nelly ft. Kelly Rowland
28279,Hollywood's Bleeding,Post Malone
28282,Dungaw,Gloc 9 ft Keiko Necesario
28308,PNB Rock,Fendi ft. Nicki Minaj & Murda Beatz
28315,Take What You Want,"Post Malone ft Ozzy Osbourne, Travis Scott"
28317,By My Lonely,Kevin Gates
28322,Zebbiana,Skusta Clee
28324,Writing On The Wall,French Montana feat Cardi B Post Malone
28325,Parokyana,Geo Ong
28329,My Type,Saweetie
28335,Envy Me,Calboy
28341,Die For Me,Post Malone ft. Halsey and Future
28379,Press,Cardi B
28386,HIGHEST IN THE ROOM,Travis Scott
28394,Follow God,Kanye West
28397,Enemies,Post Malone Ft. DaBaby
28398,Best On Earth,Russ Ft. Bia
28401,Mamacita,"Tyga, YG & Santana"
28448,Nadarama,Abra
28449,Miracle Nights,ALLMOST ft L.A.GOONS & Peso Mercado
28453,Neneng B,Nik Makino ft Raf Davis
28458,Tsismosa Song,Jr.Crown & Thome
28462,Ayy Macarena,Tyga
28507,Catriona,Matthaios
28508,Nighttime,Russ
28511,Magic,B.O.B ft. Rivers Cuomo
28514,Miss Flawless,"Flow G, Bosx1ne ft. Sachzna"
28518,Body Language,Andrew E.
28527,BOP,DaBaby
28559,Heart React,ALLMOST
28571,Good News,Mac Miller
28572,Nice to Meet Ya,Meghan Trainor ft. Nicki Minaj
28576,Woah,Lil Baby
28607,Higher,DJ Khaled ft Nipsey Hussle & John Legend
28614,Crushed Up,Future
28624,Tiwala,Breezy Boyz ft Kejs Breezy
28629,Normalan,Shanti Dope
28630,RITMO,"The Black Eyed Peas, J Balvin"
28637,Bullets With Names,Machine Gun Kelly ft. Young Thug
28653,A No No,Mariah Carey
28676,Last Nite,The Strokes
28680,The Box,Roddy Ricch
28685,Life Is Good,Future feat. Drake
28689,Masarap,Schizophrenia
28691,Ballin',Mustard ft. Roddy Ricch
28693,Still Be Friends,"G-Eazy ft Tory Lanez, Tyga"
28742,Tycoon,Future
28744,Best On Earth,Russ ft. BIA
28755,Find My Way,DaBaby
28759,Blueberry Faygo,Lil Mosey
28760,Myron,Lil Uzi Vert
28763,Commercial,Lil Baby Ft. Lil Uzi Vert
28764,Me And My Guitar,A Boogie Wit Da Hoodie
28778,Go Loko,"YG ft. Tyga, Jon Z"
28806,ROCKSTAR,DaBaby ft. Roddy Ricch
28807,Marikit,"Juan, Kyle"
28809,Rosalia,"Travis Scott, TKN"
28815,GOOBA,6ix9ine
28816,Dalaga,Arvey
28819,Ikaw Lang,Kiyo
28820,Go Stupid,Polo G Ft. Stunna 4 Vegas And NLE Choppa
28828,High Fashion,Roddy Ricch ft. Mustard
28831,Malayo Ka Man,"Jr.Crown, Kath, Cyclone, Young weezy"
28838,Suicidal,YNW Melly
28869,Negro Ng Buhay Ko,"Zaito, Daiana Menezes"
28871,Trollz,"6ix9ine, Nicki Minaj"
28874,Bandit,Juice WRLD ft NBA YoungBoy
28878,Tell Me U Luv Me,Juice WRLD feat Trippie Redd
28880,Discounts,CupcakKe
28916,Nasa Harapan,Rapido
28919,Locked Up,Akon
28920,Supersonic,J.J. Fad
28921,Binibini,Matthaios
28930,Chinita Girl,LiL Vinceyy feat Guel
28938,Pangga,Matthaios Ft. Soulthrll
28946,Midsummer Madness,88Rising
28960,Go Crazy,"Chris Brown, Young Thug"
28985,Never Met,CMTEN
28987,Mariposa,Peach Tree Rascals
28988,Sum 2 Prove,Lil Baby
28991,Come & Go,Juice WRLD ft Marshmello
29009,Isang Buhay,Abaddon
29032,Numbers,A Boogie Wit Da Hoodie
29042,Breakdown,Mariah Carey
29046,Kahit Bata Pa Ako,Aikee
29049,Expensive,Ty Dolla Sign ft. Nicki Minaj
29051,Mood,24kGoldn ft Ian Dior
29056,Girls In The Hood,Megan Three Stallion
29133,Ingatan Mo,Yayoi ft Serjo and JDK
29135,Umaasa,Skusta Clee
29137,Fly Solo,Wiz Khalifa
29146,Araw Araw Love,Flow G
29164,Baka Di Tayo,"Yayoi, Yosso, Lopau"
29169,Ang Pag-ibig Kong Ito,Salbakuta
29200,TORPE,Nck Deezy ft Acepipes
29202,Sulyap,Jr.Crown Thome & Chris Line
29214,Bagay Tayo,ALLMOST
29216,Napagod Na,Joshua Mari x Zync x Yhanzy x 1ne Maeng
29226,In Luv W U,Jnske Featuring Ritzz
29229,Nobody Loves Me Like You Do,Whitney Houston & Jermaine Jackson
29248,Bounty (Makukuha Rin Kita),Ex Battalion
29249,Need You,Ex Battalion
29265,Love In My Pocket,Rich Brian
29266,SAKALAM,"Curse One ft. Smugglaz, Abaddon & Mike Kosa"
29269,Baby Girl,Arcos Aloy Ar-R & Tyrone
29272,Spicy,Ty Dolla Sign feat Post Malone
29279,Sulyap,Jom ft ALLMOST
29283,MALI VODKA,Andrew E.
29284,Tiger Inside,SuperM
29288,Halik,Gloc-9 Feat. Flow G
29289,Lil Bit,Nelly and Florida Georgia Line
29324,Laugh Now Cry Later,Drake ft Lil Durk
29325,Panalo (Trap Carinoza),Ez Mil
29330,Forget About Me,Little Bit
29334,Dance With You,Skusta Clee ft. Yuri Dope
29335,Momay,Juan Thugs
29336,Pajama Party,1096
29409,Internet Money,Lemonade ft. Don Toliver
29417,Body,Megan Thee Stallion
29431,Magandang Dilag,JM Bales
29432,La La Lost You,NIKI
29433,For The Night,Pop Smoke feat Lil Baby & DaBaby
29446,Pasensya,Mac Mafia
29516,Lakas Tama,Ayeeman ft. Mike Kosa
29538,Titig,"MC Einstein ft. Flow G, Yuri Dope & Jekkpot"
29539,Bestfriend,Saweetie ft. Doja Cat
29555,Slumber Party,Ashnikko ft Princess Nokia
29569,By Yourself,"Ty Dolla Sign ft. Bryson Tiller, Jhene Aiko"
29571,Talk About Love,Zara Larsson ft. Young Thug
29581,Sexy Lady,MC Magic City ft Dj Kane
29598,Ulan,Skusta Clee ft Leslie
29605,Dantay,Kiyo ft YZKK
29613,Confetti,Little Mix ft. Saweetie
29632,Feels,Tory Lanez ft. Chris Brown
29653,Montero (Call Me By Your Name),Lil Nas X
29677,Slow Clap,Gwen Stefani ft Saweetie
29678,Urong Sulong,"Kiyo, Alisson Shore"
29691,Don't Call Me,SHINee
29693,Up,Cardi B
29695,Alone With Me,Hopsin
29697,I Want You Back,Matthaios ft Calvin De Leon
29699,No Good Bastards,"Tom MacDonald, Nova Rockafeller & Brandon Hart"
29703,Miloves (OTW),King Badger
29721,Ikaw Ay Umalis,Skusta Clee
29728,Know Me,8 Ballin'
29731,Sulyap,ALLMOST
29735,Anytime,D Kist ft. Erica Banks
29737,Let It Go,"DJ Khaled ft. Justin Bieber, 21 Savage"
29742,Right Here,Jom
29749,Pahalik,ALLMOST ft. Curse One & Vlync
29753,Lagi,Skusta Clee
29801,Yaku'y Meturan Sayo,13th Verse Krew ft. Taktika
29808,Paynawa Mangan Sindi,Gkilla Booris Khalifa Cross P
29849,Salamat Paalam Na,"Yayoi, Yhanzy ft. Still One"
29863,Yearly,Ex Battalion
29876,Ghetto Supastar (That Is What You Are),Pras
29886,What's Next,Drake
29894,Sun Goes Down,Lil Nas X
29905,Kung Tayo,Skusta Clee
29919,Pasan,Gloc-9 x Hero
29923,SRRY,King Badger
29924,Bahala Ka,MC Einstein ft. Yuridope x Jekkpot x Flow G
29934,All Good,Mo Thugs
29938,Candy Girl (Sugar Sugar),INNER CIRCLE feat FLO RIDA
29940,Dati,JRoa ft. Skusta Clee
29951,We Own It,Wiz Khalifa & 2 Chainz
29959,What You Need,Don Toliver
29964,Be Your King,Matthaios
29965,Lost,NF ft. Hopsin
29981,Apest,The Carters
29998,Samalamig,Shehyee
38013,Ma Boy,SISTAR19
38048,"You Made It, Abe",1DELACREW
38086,WAP,Cardi B & Meghan Thee Stallion
38089,Red Light Green Light,DaBaby
38098,Okay Lang Yan,Kiyo
38106,Late at Night,Roddy Ricch
38110,Tokyo Drift,Teriyaki Boyz
38126,Chill Lang,Mac Mafia
38128,Nararahuyo,Matthaois
38154,Tayo Na Talaga,Henyong Makata
38158,EBEB,FLOW G
38168,Heatin Up,Lil Baby feat Gunna
38185,Rock It,Master P
38201,Yakap,Alex Bruce
38212,ESCAPE PLAN,Travis Scott
38214,Harana sa Sarili,kiyo
38218,Karma,Skusta Clee ft. Gloc 9
38222,Naghihintay,ALLMOST
38225,Ligaw,Matthaios & VNCE
38227,Nandito Lang Ako,"Skusta Clee, Jnske, Leslie, Honcho, Bullet D, Flow G"
38236,Next Level,aespa
38249,Ang Hirap Maging Mahirap,Davey Langit & Kritiko
38266,Wag Na Lang,MC Einstein ft. Skusta Clee
38275,G Wolf,Flow G
38287,Not My Problem,Dua Lipa ft. JID
38293,Aba Okay Din,Shehyee
38298,Tawag Lang,JRoa
38308,Pangako,CLR x Jay R
38316,K&B III,OMAR BALIW X CLR
38320,TINOTOYO,Jr.Crown & Thome ft. Bomb D
38351,Ibong Adarna,Flow G And Gloc 9
38356,Feelings,Datus Tribe
38382,Binibini,Cean Jr.
38384,Cheated,Domm ft. Khen Lizardo
38388,FF,Toni Fowler ft Makagago
38391,HIT IT,"Black Eyed Peas, Saweetie, Lele Pons"
38394,That's What I Want,Lil Nas X
38404,Loaded,Shanti Dope ft. HELLMERRY
38411,One Right Now,Post Malone and The Weeknd
38418,Sunday,KYLE
38424,Walang Wakas,CLR
38427,WIN,Press Hit Play
38428,Yakap,Curse One and Vlync Of Breezy Boyz
38443,Detox,Juan Caoile ft. Hex
38444,Faking Love,Anitta feat Saweetie
38455,Wandered To LA,Juice WRLD ft. Justin Bieber
38469,Prinsesa,Geomar S. Cordova
38506,BMW,Because ft. Leslie
38510,Answer,ATEEZ
38519,Sandali,Because
38531,BETTERMAN,"Alisson Shore ft Kiyo, JRoa, Because"
38533,KAYA NATIN,Skusta Clee
38534,Para Paraan,"Hans, Jr. Crown, M Zhayt, Thome"
38535,Barumbado,Pricetagg ft. CLR
38546,PSG,Al James
38548,BATUGAN,Flow G
38549,Bored In The House,Tyga x Curtis Roach
38553,Mare,Black Eyed Peas
38554,Pew Pew Pew (Hold Up Wait A Minute),Auntie Hammy
38556,Iffy,Chris Brown
38557,WOAH,KRYPTO9095 ft. D3Mstreet
38561,Changes,2Pac ft. Talent
38584,Feels So Good,"Snoop Dogg & Wiz Khalifa ft. Nate Dogg, Warren G, Method Man & Redman"
38592,Paliwanag,Gloc-9 feat. Yeng Constantino
38601,Balloons,Tom MacDonald
38607,SINDIHAN,CLR
38608,The Megamix,Little Mix ft. Saweetie
38609,Palaging May Tayo,ALLMOST
38612,Pag-ibig Sa'yo,Nik Makino
38619,Bakit Ngayon Ka Lang,JuanThugs n Harmony
38630,Pagmamahal Mo Lang,O.C. Dawgs ft. Flow G
38648,Next Year,Macklemore ft Windser
38649,Baby Got Back,Sir Mix-A-Lot
38659,Moonlight,Ali Gatie
38665,Dear Mama,Tupac
38678,Praise God,Kanye West
38693,Praning,Flow G
38695,Do No Wrong,Tyla Yaweh ft Trippie Redd & PnB Rock 
38699,Na-Try Mo Na Ba Ako,Andrew E.
38714,Aussie Aussie,Andrew E
38720,Ako'y Sabog Na,Gagong Rapper
38723,Masaya Ako Sa'yo,Curse One
38724,Mhine,Slim of Repablikan
38741,Bones,Imagine Dragons
38743,POSITIBO KA LANG,ITSCKALLAB ft. CLR & OMAR BALIW
38747,Mo Money Mo Problems,The Notorious B.I.G
38749,KALMADO PART 1,"Omar Baliw ft. Loonie, Rhyne"
38755,Teknik,Shanti Dope ft. DJ Buddah
38770,Hakunamatata,Smugglaz
38781,Tamis,Alisson Shore ft. GFAB
38788,Madali,Lola Amour & Al James
38792,Wasted,"J emm Dahon, KL, Kushin, Ft. Aeron J, Guthrie Nikolao"
38793,Kagome,Lo Ki
38794,Sumpa,Shanti Dope ft. Hero
38795,PROBINSYANA,VVS Collective
38802,Sweetest Pie,Megan Thee Stallion & Dua Lipa
38804,That That,PSY feat. BTS SUGA
38824,HANDSOMER,Russ ft. Ktlyn
38848,Perteng Gwapaha,Migo Ta Bai
38853,Ganon Paren To,Bugoy na Koykoy
38854,Direk,Because
38858,I Ain't Worried,OneRepublic
38873,Girls Like,Tinie Tempah ft. Zara Larsson
38877,Honest,Justin Bieber ft. Don Toliver
38878,Industriya,Gloc-9 feat. KZ Tandingan
38879,Isang daan,"OCHOMIL ft. CLR, RHYNE, OMAR BALIW & DROPPOUT"
38883,Manifest,Lo Ki
38885,Pilak,Gloc-9
38887,Shake It,"Kay Flock ft. Cardi B, Dougie B & Bory300"
38890,U GOT ME,ALLMOST
38895,Livin It Up,Young Thug (with Post Malone & ASAP Rocky)
38901,Welcome To the Revolution,Hi-Rez & Jimmy Levy
38903,Dime Girls,Alex Bruce
38905,Maulit Man,Gloc-9 ft. Grace Cristobal
38926,Pop Out,Polo G ft Lil Tjay
38942,SARANGGOLA,Gloc-9 ft. Yuridope
38957,Bahaghari,"Jr.Crown, Kath & Thome"
38960,Brats Doll,Zae
38965,Dito,Hero ft. Matthaios
38974,La Luna,PABLO
38978,Maya,Shanti Dope
38983,Re-Up,Ez Mil
38995,Broadway Girls,Lil Durk ft. Morgan Wallen
38997,Dear God,Kevin Gates x Dusa
39007,HUNGHANG,Palos ft. JMara Prod
39008,ABKD,Alamat
39010,Gilid,Because ft Kris Delano
39021,Cooped Up,Post Malone ft. Roddy Ricch
39046,Track Star,Mooski
39049,Blick Blick,Coi Leray & Nicki Minaj
39055,KALMADO PART 4,Omar Baliw ft. Rhyne
39057,Play This At My Funeral,Lil Skies ft. Landon Cube
39065,Anong Nangyari,Matthaios
39066,Anytime,"Lipip ft. Asiong De Luna,esseca"
39072,Cold December,Rod Wave
39073,D2,"Ochomil, Droppout, CLR, Rhyne, Omar Baliw"
39077,Dyosa,Skusta Clee ft. Zeinab Harake
39079,Empilight,Jonas
39083,Gusto Kita Makita,Matthaios
39084,Hate Me,Baauer & Miquela
39086,Hot Shit,Cardi B ft. Kanye West & Lil Durk
39092,Mahal Kong Pilipinas,JMara
39102,SICKO MODE,Travis Scott ft. Drake
39103,Slidin',Jason Derulo ft. Kodak Black
39106,Let's Link,WhoHeem
39118,Moon,Nik Makino ft. Flow G
39121,Petty,Chris Brown
39125,ARAGUY,OMAR BALIW ft. RHYNE
39127,Good Love,City Girls ft. Usher
39144,Larawan,JRoa and Flow G
39155,Because I Got High (Extended Version),Afroman
39176,BUHOK,Gloc-9 ft. Liezel
39177,DI NA PWEDE,Lil Vinceyy ft. Boss B
39179,First Class,Jack Harlow
39196,Super Freaky Girl,Nicki Minaj
39205,Pasensya Ka Na,"Yayoi,Lopau,Jaber,Yosso"
39213,Agad (Ring Ring),Skusta Clee ft. Flow G & HONCHO
39214,Anyo,WHAMOS ft. AXCEL
39217,Cracker Island,Gorillaz ft Thundercat
39227,Ikaw Ang Paborito,UNXPCTD ft. JZ
39246,Akala Ko Nung Una,O.C. Dawgs ft. Future Thug
39280,Akala Mo Ata,Nateman x Realest Cram x CK YG
39288,Defy',G22
39289,Die Hard,Kendrick Lamar
39290,Diko Akalain,UNXPCTD ft. JZUNXPCTD
39300,GINTO,BRUSKO BROS.
39301,Hard Out Here,RAYE
39309,Lobby,Anitta x Missy Elliott
39333,Kagat ni Eba,Gloc 9
39344,Gudds,Guddhist Gunatita
39358,BALANG ARAW,PLAN B
39361,C'est La Vie,"Yung Gravy, bbno"
39375,KG,Nik Makino
39388,Eba,Kiyo
39390,GOD DID,"DJ Khaled ft. Rick Ross, Lil Wayne, Jay-Z, John Legend, Fridayy"
39397,Lagi Nalang,JRLDM ft. Gloc 9
39405,Pag-ibig Nga Naman,Curse One x Aphryl Breezy
39407,SHAWTY,Donnalyn
39411,Tricks,Shanti Dope
39432,Hebishram,"Gloc 9 feat. Bishnu, Hero & Ramdiss"
39435,Dead,Sezairi ft. Young Cocoa
39446,Alalahanin Mo,Arvy T ft. Dadi Jang
39450,Esmi,Because
39471,Aking Pahinga,Dro Perez ft. I-Ghie
39475,City Girl,Shanti Dope
39479,Dead To Me,DaniLeigh
39481,DOUBLE D'Z,"Black Eyed Peas, J. Rey Soul"
39482,Fighter,Tom MacDonald
39486,Kill Bill,SZA
39488,Lay Up N Chill,Pink Sweats ft. A Boogie Wit Da Hoodie
39493,Money Trees,Kendrick Lamar and Jay Rock
39497,Riot,Tom McDonald
39499,Shibuya,Matthaios
39501,STAR WALKIN',Lil Nas X
39502,Taurus,Machine Gun Kelly
39528,We The Best,Ex B
39529,Betty (Get Money),Yung Gravy
39552,Bahay Yugyugan,Glock-9 ft. Flow G
39557,I Need That,Peach Tree Rascals
39563,Classmate,Hambog Ng Sagpro Krew
39583,RESBAK,"Gloc-9 ft. Pricetagg, Omar Baliw, CLR and Shanti Dope"
39589,Solo,Skusta Clee
39591,Testing,Skusta Clee
39608,I See London I See France,bbno
39611,Bihag,EarlySeven
39624,PUYAT,kiyo
39633,Diyan Ka Magaling,Matthaios
39634,F64,Ed Sheeran| SBTV
39635,Filipina Killa,Zae
39637,Ghost,Tom MacDonald
39661,Let Go,Central Cee
39672,Trust Issues,Drake
39676,Sundance Freestyle,Rich Brian
39693,Me and You,Central Cee
39697,Buhat,Gloc9
39701,Special,Lizzo ft. SZA
39719,HILING,LIL VINCEYY ft. Jhonmark
39735,PICK YOUR POISON,BREE RUNWAY
39741,In love With That Bitch,Skusta Clee
39742,Desperado,Upchurch
39743,Ice On My Baby Remix,Yung Bleu ft Kevin Gates
39768,XXV,Greyhoundz ft Gloc-9
39792,Spin Bout U,"Drake, 21 Savage"
39801,Satisfied,Hamilton
39815,Princess Diana,Ice Spice & Nicki Minaj
39820,Give It To Me,"Timbaland ft. Nelly Furtado, Justin Timberlake"
39821,Bogsa,Benidic Fragata X Archico
39834,Home For My Heart,"ArrDee, Cat Burns"
39847,Lagi Nating Galingan,Mikekosa ft. CLR
39848,NO BAD DAYS,Macklemore ft. Collett
39861,Lottery,Latto ft. LU KALA
39867,Private Landing,Don Toliver ft. Justin Bieber & Future
39868,Promiscuous,Timbaland ft. Nelly Furtado
39880,Yung Totoo?,Hev Abi ft. Sica
39930,Favorite Song,Toosii & Khalid
39933,Freaky Deaky,"Tyga, Doja Cat"
39938,Mood,"Al James, Muric"
39949,Search & Rescue,Drake
39968,ESKAPO,Loonie ft. John Roa
39970,Kamusta,Shanti Dope feat Flow G
39982,To Be A Man,Dax
40034,West Coast Weekend,"Tyga, YG, Blxst"
40044,Gusto,Zack Tabudlo ft. Al James
40050,GRL GVNG,XG
40052,Ano Na,Calvin & Kiyo
40087,Hiraya,"Matthaios, Soulthrll"
40092,Calling,"Metro Boomin, feat. Swae Lee, NAV and A Boogi"
40103,Favorite Song,Toosii
40109,M.N.M.,Toni Fowler ft. Freshbreed
40110,M.P.L.,Toni Fowler
40117,Put It On Da Floor Again,Latto ft. Cardi B
40126,Battle Scars,Guy Sebastian feat. Lupe Fiasco
40132,Fight The Feeling,Rod Wave
40133,Runaway,Sebastian Yatra Daddy Yankee Natti Natasha ft. Jonas Brothers
40164,Atin-Atin Lang,Al James ft. Flow G
40166,Better Things,aespa
40170,Di Mahuhulog,KLYDE ft.Gins&Melodies
40176,NEW DANCE,XG
40182,Realest,EZ Mill with (Eminem)
40186,TGIF,XG
40196,DI NAGMAMADALI,Guddhist Gunatita ft. Nateman
40200,BRING IT ON,Tones and I BIA  Diarra Sylla
40204,Bakante,Omar Baliw feat Rhyne
40226,Kalendaryo,Mike Swift
40235,DICE,NMIXX
40240,OFW AKO,Still One
40244,Paint The Town Red,Doja Cat
40247,Super Fly,Zae
40252,You & Me,JENNIE
40259,What It Is,Doechii feat Kodak Black
40265,Baggy Jeans,NCT U
40278,YK,Cean Jr.
40283,KARAMAY,Nik Makino
40291,Big FU,"David Guetta, Ayra Starr & Lil Durk"
40293,Demons,Doja Cat
40310,SAGUTIN,SV SQUAD
40314,Tawagan Mo 'Ko,"Matthaios, Dudut, Soulthrll"
40319,WOP,J Dash
40322,All My Life,Lil Durk ft J Cole
40323,LUXURY LIFE,Busta Rhymes & Coi Leray
40325,Pass Sa Lowkey,UNXPCTD
40326,Testimony,YoungBoy Never Broke Again
40340,KARANASAN,Guddhist Gunatita ft. Flow G
40351,Agora Hills,Doja Cat
40357,Doo Wop (That Thing),Lauryn Hill
40368,Palagi,Shanti Dope
40371,SIPAG LANG,Nik Makino
40389,Lovin On Me,Jack Harlow
40395,Escapism,RAYE & 070 Shake
40409,Another One of Me,"Diddy ft. The Weeknd, 21 Savage, French Montana"
40419,INDUSTRY BABY,"Lil Nas X, Jack Harlow"
40440,Hangang Gongwon,BIBI
40445,MY HOUSE,Beyonce
40446,Lumayo Kana,Nateman
40451,Praning,ALLMOST
40458,Sunday,Dermot Kennedy
40479,Hangover,Taio Cruz ft. Flo Rida
40480,Le Phai Phai,MC LongB prod. Zac X Bao Teng
40488,THE WEEKEND,STORMZY & RAYE
40490,NO MORE MA BOY,SISTAR19
40500,Fallin,"Skusta Clee, Bosx1ne, Emcee Rhenn & Flow-G ft. JRoa"
40503,Makasariling Malambing,"Hev Abi, Kristina Dawn"
40504,RAPSTAR,FLOW G
40506,Walang Alam,Hev Abi
40508,Faded,Illest Morena
40510,Laya,Flow G ft. Skusta Clee
40511,Lil Kasalanan Shortie,Hev Abi
40512,Parehas Tayo,Nateman
40513,Lagabog,Skusta Clee ft. Illest Morena
40534,HEAVEN,The Kid LAROI
40543,Drop It Like It's Hot,Snoop Dogg
40551,Someday,PLAYERTWO
40558,J CHRIST,Lil Nas X
40559,Are You Gone Already,Nicky Minaj
40560,Beez In The Trap,Nicky Minaj ft. Chainz
40561,DASH,NMIXX
40564,WE MADE IT,Nik Makino x Flow G
40565,Booty Wurk,T-Pain ft. Joey Galaxy
40570,Isang Beses,Jom feat. Jasmine
40572,SORRY,The Kid LAROI
40577,Nasayo,ALLMOST
40578,Bam Yang Gang,BIBI  
40591,BLEED,The Kid LAROI
40601,Marikit Sa Dilim,Juan & Kyle ft. JAWZ
40606,So Fine,Realest Cram
40607,Son of Beast,TO1
40609,Walang Pumapalakpak,"Gloc-9, Gary Valenciano"
40619,One Margarita,"That Chick Angel, Casa Di & Steve Terrel"
40636,WELCOME2DTQ,Hev Abi
40650,Alam Mo Ba Girl,Hev Abi
40654,Big One,Flyana Boss
40655,Burgis,Flow G x Hev Abi
40661,Endless Fashion,Lil Uzi Vert ft. Nicki Minaj
40672,Overcompensate,Twenty One Pilots
40673,Para Sa Streets,Hev Abi
40675,QC Girls,Hev Abi
40684,Wag Na,Realest Cram ft. CK YG
40688,Deserve,Skusta Clee & Flow G
40690,XXXX,Looney feat. Hev Abi
40695,Amboy Shit (Remix),Sica ft Hellmerry & Hev Abi
40704,Can't Get Enough,Jennifer Lopez (feat. Latto)
40719,Houdini,Eminem
40739,We Still Don't Trust You,"Future, Metro Boomin"
40740,WORK,ATEEZ
40755,Ready,apl.de.ap SB19
40784,Lagi,"Clien, Jom ft. AA & Kxle"
40790,Pretty Girl,"Ice Spice, Rema"
40795,Thug,Shanti Dope
40808,ILY,YB Neet feat Bugoy Na Koykoy
40837,ALL IN,Shehyee
40838,Batang Tondo,Smugglaz
40840,Boyfriend,ALLMOST
40842,Did It First,"Ice Spice, Central Cee"
40843,Expectation,Glaceo & Tim Riehm
40845,Fuel,Eminem ft. JID
40846,Highschool,Shanti Dope
40848,MY BOO,Jr.Crown
40853,Smoke,Dynamic Duo & Lee Young Ji
40854,Somebody Save Me,Eminem ft. Jelly Roll
40858,High Score,Flow G
40870,Sinungaling,Matthaios
40871,What's Luv,Fat Joe ft. Ashanti
40876,Mamushi,Megan Thee Stallion feat. Yuki Chiba
40884,Ivana,Soulstice
40895,Chk Chk Boom,Stray Kids
40910,Kontrabida,Price tagg
40914,Mine,YB Neet
40917,No Question,"Tyga, Sabrina Claudio"
40925,Tacata,Tiagz
40931,Angas,Skusta Clee & Flow G
40935,Slippin',Paul Russell ft Meghan Trainor
40936,Fortnight,Taylor Swift ft. Post Malone
40953,Kyrie & Luka,Eminem ft. 2 Chainz
40959,Don't Tell Nobody,ONE OR EIGHT
40967,Isa lang,kiyo ft. tao aves
40971,Mantra,JENNIE
40972,Medyo Crazy,"Robledo Timido ft. Cozyivy, Dyco"
40983,Kiss Kiss,Chris Brown ft. T Pain
40992,Tanging Hiling Part 2,"Curse One, Smugglaz, Slick One"
40994,Touch The Sky,Kanye West
41007,KASAMA,FLOW G x CHITO MIRANDA
41008,LAMBALAK,MC Einstein X Kyla
41012,La Luna,Skusta Clee ft. Ron Henley & Yuridope
41017,Active,"Asake, Travis Scott"
41038,Temporary,Eminem ft. Skylar Grey
41069,Letter X,ALLMOST
41070,404L,"gottaluvEJ, SwKeith, Jthekidd, Rendz, Micosuabe, SwMag & YP (404)"
41078,SILENT CRIES,JOSH CULLEN
41080,Where Do We Go Now?,Lil Nas X
41082,Wag Lang Ganon,"Matthaios, Jiji"
41098,Gorgeous,Jaden
41099,Hello Miss Johnson,Jack Harlow
41100,I Dior U,Shanti Dope
41103,"LOVE, MONEY, FAME",SEVENTEEN ft. DJ Khaled
41104,Luther,"Kendrick Lamar, SZA"
41106,POWER,G-DRAGON
41129,Sunog,Gloc-9
41148,Enimine,Emcee Rhenn ft. Skusta Clee
41151,Good News,Shaboozey
41152,Gorgeous,Snoop Dogg ft. Jhene Aiko
41153,HINTAY,Nik Makino x TreyLow Baby x Shao Lin 1
41154,Homecoming,Paul Russell
41157,Inggit,Skusta Clee
41159,Ligaw Na Bullet,Skusta Clee Ft. Denise Laurel
41161,My Day,HELLMERRY
41171,SLOW IT DOWN,"The Kid LAROI, Quavo"
41174,TOTOO AKO SAYO,Nateman
41176,Who You,Smugglaz
41194,Maharot,ALLMOST
41213,AGATS2 (Insecure),Juice WRLD & Nicki Minaj
41215,Arctic Tundra,Nicki Minaj ft. Juice WRLD
41219,BRAZZIER,Future
41222,Daddy's Home,Tom MacDonald & Roseanne Barr
41226,Hannah Montana,"Ice Spice, NLE Choppa, DaBaby"
41233,Outta Da Blue,Snoop Dogg ft. Dr. Dre & Alus
41234,Shushhh,"Skusta Clee, Jnske & Yuridope"
41236,wacced out murals,Kendrick Lamar
41238,YG Gang,Shanti Dope ft. Trapp
41239,Kwentuhan,Guddhist Gunatita ft. Nateman
41250,Fat Juicy & Wet,Sexyy Red & Bruno Mars
41264,Be Somebody,Kevin Gates
41268,Girl U Gotta Go,Bugoy na Koykoy feat. Jp Bacallan
41278,reincarnated,Kendrick Lamar
41283,Time,Strandz & Giggs
41296,3AM In ToKEYo,Key Glock
41300,Beautiful Scars,Will Smith ft. Big Sean
41305,PNYT,Nobita x Flow G
41306,Wag Kang Tanga,Hambog N Honcho
41311,Kalimutan ka,Skusta Clee
41320,Magkabilaan,Zephanie ft. Apoc the Death Architect
41326,Nobody Knows,Russ
41330,My Garage,Yung Gravy & Zac Brown
41331,30 For 30,SZA feat. Kendrick Lamar
41334,Butata,Pablo
41350,Venus,Ron Henley ft Yumi
41357,Lost My Dog,Future
41363,like JENNIE,JENNIE
41365,SUMAYA,JOSH CULLEN
41372,ExtraL,JENNIE & Doechii
41383,Missin You Crazy,Russ
41388,All About Love,"CK YG  Feat. Alaine, Ryouji"
41398,Left right,xg
41417,Kiss The Sky,G-Eazy
41419,Yoko Na,JOSH CULLEN & Al James
41458,43x,"Skusta Clee, Flow G, Emcee Rhenn, Brando & King Badger"
41469,It's You,Stevie Wonder and Dionne Warwick
41471,Makasama Sandali,"Robledo Timido, Elhe"
41472,Makinang,Poly Gy ft. OD MZ
41473,Mala SV,Flow G
41490,All Night,Ex Battalion
41492,Fun,Ex Battalion
41518,4X4,Travis Scott
41519,Anxiety,Doechii
41527,HOT SAUCE,BABYMONSTER
41533,For Me,Ex Battalion
41534,Hamig,Ex Battalion
41535,Not Like Us,Kendrick Lamar
41536,Legacy,Ex Battalion
41537,Make Her Dance,Ex Battalion
41567,Treasure and Gold,Busta Rhymes ft. YG Marley
41569,Mister (Remix),Black Fortune & Doe Boy
41591,Growin' Pains,honestav
41610,Psycho (Pt. 2),Russ
41612,Truth In The Lies,Central Cee & Lil Durk
41614,BILLIONAIRE,BABYMONSTER
41617,Topline,Stray kids
41625,Dirty Work,aespa
41630,MAY NANALO NA,Loonie ft. Frizzle Anne
41631,Pambihira,kiyo ft. Zild
41647,KALAKAL,SB19 & GLOC-9
41664,SULITIN,Guddhist Gunatita
41691,CRG,"CENTRAL CEE ft. LIL DURK, DAVE"
41705,Gotchu,Flow G
41711,NOKIA,PARTYNEXTDOOR & Drake
41716,TOO BAD,3G-DRAGON
41725,LIKE THAT,BABYMONSTER
41749,Can't Hold Us,Macklemore & Ryan Lewis ft Ray Dalton)
41752,Naked,"41 (Kyle Richh, Tata, Jenn Carter) ft. A Boogie Wit da Hoodie"
41772,Free,Rumi & JINU
41800,LOKAL,Flow G
41801,Lupaypay,Haring Manggi
41806,ADIK NA SAYO,Nik Makino
41816,Shagidi,BINI
41832,97 Jag,Kevin Abstract
41832,97 Jag,Kevin Abstract
41850,The crying game,Nicki Minaj and Jessie Ware
41850,The crying game,Nicki Minaj and Jessie Ware
41853,FWU,Don Toliver
41853,FWU,Don Toliver
41855,IRL,Lizzo ft. Zsa
41855,IRL,Lizzo ft. Zsa
41859,Tell Ur Girlfriend,Lay Bankz
41859,Tell Ur Girlfriend,Lay Bankz
41860,Get Ur Freak On,Missy Elliott feat Nelly Furtado
41860,Get Ur Freak On,Missy Elliott feat Nelly Furtado
41880,Get Dat,Al James
41880,Get Dat,Al James
41925,Don't Talk To Me,Tre Coast ft Lycia Faith
41926,Empty Out Your Pockets,Juice WRLD
41927,Funny Papers,Mac Miller
41930,I LUV HER,GloRilla (feat. TPain)
41942,HOT,SEVENTEEN
41949,Just Us,Jack Harlow feat. Doja Cat
41959,BIG DREAM,Flow G
41978,The Boy Who Cried Wolf,Pablo
42003,WAY IT IS,"Justin Bieber, Gunna"
42021,Ikaw,Andrew E
42027,Kung Maibabalik Ko Lang,Gagong Rapper
