3589,Relax,To Hollywood
3870,I LOVE YOU,KOREANA
6209,I LOVE YOU,KOREANA
9798,Nobody,Wonder Girls
9799,Nobody (Korean Version),Wonder Girls
9800,Fire,2NE1
9822,Lollipop,2NE1 & Bigbang
9863,I Don't Care,2NE1
9864,Kiss,Sandara Park ft CL of 2NE1
11043,Try To Follow Me,2NE1
11124,Run Devil Run,Girls Generation
11207,Bo Peep Bo Peep,T-Ara
11534,Lonely,2NE1
11598,Ugly,2NE1
11602,MR. SIMPLE,SUPER JUNIOR
11616,I Am The Best,2NE1
11646,2 Different Tears,Wonder Girls
11954,I Love You,2NE1
14001,Jansori,The Nuts
14002,Chongmateungeotcheoreom,Back Ji Young
15066,Gangnam Style,Psy
15234,I Got A Boy,Girls Generation
15320,Gwiyomi,Hari
15371,Gentleman,Psy
15538,Bestfriend,Not Informed
15764,Do You Love Me,2NE1
15788,Growl,EXO
15794,Inception,Infinite
15826,Everybody,Shinee
15837,There Is No Tomorrow (Now),Trouble Maker
15843,Falling In Love,2NE1
15846,Destiny,Infinite
15850,Selene 6.23,Shinee
16113,I'm Sorry,CNBLUE
16121,"Baby, Don't Cry",EXO
16202,My Destiny (MLFTS),LYN
16203,My Destiny (Tagalog),LYN
16761,Wiki Me,Julian Trono
17327,Daddy,PSY ft CL of 2NE1
18130,Lifted,CL
18957,Pangako,Northdrive
26035,I Luv It,PSY
26450,First Day,Tee Grizzley
27260,DNA,BTS
27261,Fake Love,BTS
27262,BAAM,MOMOLAND
27263,BBoom BBoom,MOMOLAND
27264,What Is Love?,TWICE
27292,New Face,Psy
27295,DDU DU DDU DU,BLACKPINK
27700,Don't Know What To Do,Blackpink
27711,Boy With Luv,BTS feat Halsey
27761,Kill This Love,BLACKPINK
27767,Banana Chacha,Momoland
28204,Magnetic Moon,Tiffany Young
28503,Kiss And Make Up,"Dua Lipa, Blackpink"
28625,Idol,BTS
28811,100 Ways,Jackson Wang
28873,How You Like That,Blackpink
28996,Walking,Jackson Wang & Joji ft Swae Lee & Major Lazer
29053,Ice Cream,BLACKPINK with Selina Gomez
29139,Dynamite,BTS
29195,BOOMBAYAH,BlackPink
29196,Life Goes On,BTS
29256,Blue Hour,TXT
29267,I Can't Stop Me,Twice
29270,HELICOPTER,CLC
29284,Tiger Inside,SuperM
29326,Forever Young,Blackpink
29441,Show Your Love,BTOB 4U
29442,Daisy,Pentagon
29690,What Type of X,Jessi
29691,Don't Call Me,SHINee
29692,House Party,Super Junior
29764,Encore,GOT7
29765,Antidote,KANGDANIEL
29766,Butter,BTS
29838,Permission To Dance,BTS
29931,Weekend,TAEYEON
29997,LALISA,LISA
38011,Alcohol Free,Twice
38012,NUNU NANA,Jessi
38013,Ma Boy,SISTAR19
38099,Dalla Dalla,ITZY
38146,Always by Your Side,John Park
38160,Lovesick Girls,BLACKPINK
38232,Blue & Grey,BTS
38233,Film Out,BTS
38234,One Day,Monsta X
38235,Stay,BLACKPINK
38238,Zombie (English Ver),DAY6
38239,In The Morning,ITZY
38240,Tomorow,STATION CHANYEOL
38241,Kura Kura,TWICE
38242,Love Shot,EXO
38243,MONEY,LISA
38244,Panorama,IZ*ONE
38330,The Feels,TWICE
38332,As If It's Your Last,BLACKPINK
38333,Secret Story Of The Swan,IZ*ONE
38360,Bad Boy,Chungha and Christopher
38370,Sweet Night,V
38389,Happy Death Day,Xdinary Heroes
38448,Still With You,Jungkook BTS
38450,Queendom,Red Velvet
38464,Abyss,Jin from BTS
38510,Answer,ATEEZ
38512,Beautiful,NCT 2O21
38605,I Don't Know You Anymore,Eric Nam
38610,Drive You Home,Jackson Wang ft. Internet Money
38616,Layin' Low,HYOLYN ft Jooyoung
38804,That That,PSY feat. BTS SUGA
38849,Bogoshipda,Kim Bum Soo
38959,Blow,Jackson Wang
38963,Cry For Me,Twice
38982,Paint The Town,Loona
38987,Run2U,Stayc
38991,TREASURE,JIKJIN
38992,Voltage,ITZY
39045,Someday,Rob Thomas
39098,Pink Venom,BLACKPINK
39099,POP,Nayeon
39108,ZOOM,Jessi
39199,Wa Da Da,Kep1er
39313,Mind Games,88rising & MILLI ft. Jackson Wang
39337,Shut Down,BLACKPINK
39424,FOREVER 1,Girls Generation
39426,Heart Attack,LOONA
39674,The Boys,Girls' Generation
39675,Antifragile,LE SSERAFIM
39745,Oh!,Girl's Generation
39758,Maria (200 Pounds Beauty Ost),Kim Ah Joong
39783,FLOWER,JISOO
39807,Ready For Love,BLACKPINK
39814,NO THANKS,HYOLYN
39817,Hype Boy,NewJeans
39818,But I Love,SISTAR
39819,Ring Ma Bell,Two X
39854,Cupid (TwinVer.),FIFTY FIFTY
39855,Cupid,FIFTY FIFTY
39910,To Your Side,Jo Sung Mo
39916,Hush,miss A
39939,Moonlight Sunrise,TWICE
39950,Slow,Jackson Wang & Ciara
39955,The Planet,BTS
39972,Tally,BLACKPINK
39973,Yeah Yeah Yeah,BLACKPINK
39988,Take Two,BTS
39994,Better Than You,Lisa Keith
40046,Barbie Dreams,FIFTY FIFTY
40049,Everyday,PSY
40050,GRL GVNG,XG
40090,Bite Me,Enhypen
40096,Cool With You,NewJeans
40100,Drowning,BOBBY ft. SOLE
40125,Super Shy,NewJeans
40134,Shoong,TAEYANG feat. LISA
40168,Bubble,STAYC
40176,NEW DANCE,XG
40186,TGIF,XG
40203,Love Dive,IVE
40232,3D,Jung Kook ft. Jack Harlow
40233,blessing in disguise,HUH YUNJIN
40236,Either Way,IVE
40241,OMG,NewJeans
40246,SIX7EEN,HORI7ON
40252,You & Me,JENNIE
40265,Baggy Jeans,NCT U
40270,Get A Guitar,RIIZE
40309,Peanut Butter & Tears,DPR IAN
40312,Seven,Jung Kook
40328,Right Now,Coogie ft. Crush
40336,Queencard,(G)I-DLE
40355,Can I,Lee Junho
40362,Killin' Me Good,JIHYO
40378,To. X,TAEYEON
40392,ETA,NewJeans
40394,Nothing But,Young K
40416,Guilty,TAEMIN
40417,Gum,Jessi
40424,Please Don't Change,Jung Kook ft. DJ Snake
40438,Yes or No,Jung Kook
40440,Hangang Gongwon,BIBI
40453,I AM,IVE
40473,Butterfly,LOONA
40483,Perfect Night',LE SSERAFIM
40490,NO MORE MA BOY,SISTAR19
40557,Wife,(G)I-DLE
40562,Rebel,TVXQ
40578,Bam Yang Gang,BIBI  
40579,STAY,CHA EUN-WOO
40607,Son of Beast,TO1
40723,Lose My Breath,Stray Kids ft. Charlie Puth
40740,WORK,ATEEZ
40786,Magnetic,ILLIT
40791,ROCKSTAR,LISA
40835,Giddy,Kep1er
40853,Smoke,Dynamic Duo & Lee Young Ji
40859,Smeraldo Garden Marching Band,Jimin feat Loco
40895,Chk Chk Boom,Stray Kids
40915,NEW WOMAN,LISA ft. Rosalia
40957,Ditto,NewJeans
40958,DIVE,TWICE
40960,Easy,LE SSERAFIM
40971,Mantra,JENNIE
40973,MOONLIT FLOOR,LISA
40975,Nice Guy,BOYNEXTDOOR
40980,The Reasons Of My Smiles,BSS (SEVENTEEN)
40984,Algorithm,CHUNG HA
40985,Starry Night,FIFTY FIFTY
40988,Crazy,LE SSERAFIM
40995,Curious,UNIS
41027,I Like It,Stray Kids
41028,R.E.M.,KISS OF LIFE
41046,Love You With All My Heart,Crush
41056,How Sweet,NewJeans
41103,"LOVE, MONEY, FAME",SEVENTEEN ft. DJ Khaled
41105,Over The Moon,TXT
41106,POWER,G-DRAGON
41107,SET ME FREE,TWICE
41221,Confessions,Flo Rida ft. HEESEUNG & JAKE of ENHYPEN x Paul Russell
41277,REBEL HEART,IVE
41288,Love Hangover,Jennie & Dominic Fike
41291,Pierrot,LE SSERAFIM
41361,Dream,LISA
41362,Handlebars,"JENNIE, Dua Lipa"
41363,like JENNIE,JENNIE
41364,Ruby,JENNIE
41372,ExtraL,JENNIE & Doechii
41398,Left right,xg
41422,Fallin',Isaac Hong
41428,ZEN,JENNIE
41443,Sudden Shower,ECLIPSE
41451,Dreams Come True,S.E.S
41457,When We Were Kids,TWICE
41464,Earthquake,JISOO
41498,Heya,IVE
41503,Into the New World,Girls Generation
41517,FANCY,TWICE
41527,HOT SAUCE,BABYMONSTER
41539,Erase,Hyolyn X Jooyoung
41586,Golden,Huntrix
41614,BILLIONAIRE,BABYMONSTER
41615,HOT,LE SSERAFIM
41616,Jump,BLACKPINK
41617,Topline,Stray kids
41618,Soda Pop,Saja Boys
41619,THIS IS FOR,TWICE
41644,Your Love,JISOO
41714,Talk That Talk,TWICE
41715,Smart,LE SSERAFIM
41716,TOO BAD,3G-DRAGON
41719,Newsflash',Jessi
41725,LIKE THAT,BABYMONSTER
41768,No Doubt,ENHYPEN
41769,GPT,STAYC
41770,I GOT YOU,TWICE
41771,Kawaii,LE SSERAFIM
41772,Free,Rumi & JINU
41840,EYES CLOSED,JISOO & ZAYN
41840,EYES CLOSED,JISOO & ZAYN
41862,Good Goodbye,HWASA
41862,Good Goodbye,HWASA
41863,WE GO UP,BABYMONSTER
41863,WE GO UP,BABYMONSTER
41864,WONDERING,BamBam
41864,WONDERING,BamBam
41866,hope you stay,CRAVITY WOOBIN
41866,hope you stay,CRAVITY WOOBIN
41867,After LIKE,IVE
41867,After LIKE,IVE
41869,SPAGHETTI,LE SSERAFIM feat. j-hope of BTS
41869,SPAGHETTI,LE SSERAFIM feat. j-hope of BTS
41870,Your Idol,(K-Pop Demon Hunters) Saja Boys
41870,Your Idol,(K-Pop Demon Hunters) Saja Boys
41939,The Chase,Hearts2Hearts
41942,HOT,SEVENTEEN
41944,Shine With Me,IVE
41952,ME+YOU,TWICE
42007,FOCUS,Hearts2Hearts
42015,God Of Music,SEVENTEEN
42024,Supernova Love,"IVE, David Guetta"
42033,Love In My Heart,BABYMONSTER
42046,Say Yes,"Loco, Punch"
