8,Groovin',Young Rascals
10,Mustang Sally,Wilson Pickett
24,All The Way,Jeffrey Osborne
26,As Long As He Needs Me,Anita Bryant
32,Don't Make Me Over,Dionne Warwick
43,Do You Know The Way To San Jose,Dionne Warwick
44,She's Out Of My Life,Michael Jackson
57,I'll Never Love This Way Again,Dionne Warwick
70,That's What Friends Are For,Dionne Warwick
74,59th St. Bridge Song,S.R.Contreras
92,1999,Prince
131,Hanggang Ngayo'y Ikaw Pa Rin,Jaya
135,Wala Na Bang Pag-ibig,Jaya
140,Dahil Ba Sa Kanya,Jaya
154,The Most Beautiful Girl In The World,Prince
162,The First Time Ever I So Your Face,Roberta Flack
183,ESCAPADE,JANET JACKSON
189,Killing Me Softly With His Song,Roberta Flack
191,Le Freak,Chic
192,Listen To The Music,Doobie Brothers
193,LITTLE DARLIN',MAURICE WILLIAMS
225,FEEL LIKE MAKING LOVE,ROBERTA FLACK
231,Lady Love,Lou Rawls
236,YOU'LL NEVER FIND ANOTHER LOVE LIKE MINE,LOU RAW
246,ALWAYS AND FOREVER,HEATWAVE
247,Truly,Lionel Richie
252,If You Asked Me To,Celine Dion
257,Someone That I Used To Love,Natalie Cole
266,All At Once,Whitney Houston
278,I MISS YOU,KLYMAXX
281,The Sweetest Days,Vanessa Williams
285,WHISPERING WAVES,Donna Summer
306,Dahil Ba Sa Kanya,Jaya
313,Remember Me,Renz Verano
330,2 BECOME 1,SPICE GIRLS
332,FOR YOU I WILL,MONICA
335,Can We Talk,Code Red
338,How Could An Angel Break My Heart,Toni Braxton & Kenny G.
340,I Could Fall In Love,Selena
347,I'll Never Break Your Heart,Backstreet Boys
364,Tonight I Celebrate My Love,Peabo Bryson &
369,YESTER ME YESTER YOU YESTER DAY,STEVIE WONDER
377,Break It To Me Gently,Angela Boffil
379,Three Times A Lady,Lionel Richie
385,Lead Me On,Al Green
393,Hold On I'm Coming,Sam And Dave
408,LOVE ME DO,BEATLES
413,The First Time Ever I So Your Face,Roberta Flack
419,DRIVE MY CAR,BEATLES
423,GOT TO GET YOU INTO MY LIFE,BEATLES
442,GEORGIA ON MY MIND,RAY CHARLES
460,IN THE GHETTO,ELVIS PRESLEY
474,Lean On Me,Michael Bolton
496,Miracle,Whitney Houston
498,All The Man That I Need,Whitney Houston
504,DYING INSIDE TO HOLD YOU,TIMMY THOMAS
505,Stars,Simply Red
507,Run To You,Whitney Houston
509,By The Time This Night,Peabo Bryson
510,Number Two,Joe
520,ANYTIME,THE JETS:
522,MUSIC BOX,MARIAH CAREY
535,Again,Janet Jackson
542,Urong-Sulong,Regine Velasquez
560,If This Is Love,Melissa Manchester
567,Heart Of Mine,Bobby Caldwell
574,Always In My Heart,Tevin Campbell
581,MAKE IT RIGHT,LISA STANSFIELD
582,Someones Rockin',Natalie Cole
596,I Swear,All 4 One
606,Close To Heaven,Color Me Badd
624,EASY,LIONEL RICHIE
644,Hey Mr. DJ,Zhane
654,That's The Way Love Goes,Janet Jackson
667,One Last Cry,Bryan McKnight
668,Get Here,Oleta Adams
677,The Best Thing That Ever Happened,Gladys Knight and the Pips
680,I Have Nothing,Whitney Houston
683,Rock With You,Michael Jackson
693,This Time I Know Is Forever,Errol Brown
702,WITHOUT LOVE,ENGELBERT HUMPERDINCK
706,How Sweet It Is (To Be Loved By You),James Taylor
712,Baby Come To Me,Patti Austin
714,Knock On Wood,Eddie Floyd
718,It's My Turn,Diana Ross
721,Through The Fire,Chaka Khan
722,Cry For Help,Rick Ashley
723,Time & Chance,Color Me Badd
728,All Behind Us Now,Patti Austin
737,All For Love,Color Me Badd
745,You Make Me Feel Brand New,Stylistics
746,Till My Heartaches End,Ella Mae Saison
754,SOMETHING GOT ME STARTED,Simply Red
755,SO NATURAL,Lisa Stansfield
758,Take A Bow,Madonna
759,Tears On My Pillow,The Imperials
769,WHAT'S LOVE GOT TO DO WITH IT,TINA TURNER
770,The Woman In My Life,The Commodores
771,Would I Lie To You,Annie Lennox
773,You're The Best..,Skool Boys
774,Someday,Mariah Carey
775,I Want You,Elvis Presly
785,I HEARD IT THROUGH THE GRAPEVINE,MARVIN GAYE
791,ALL NIGHT LONG,LIONEL RITCHIE
798,The Closer I Get To You,R. Flack
824,Gimme Some Lovin',Spencer Davis
839,(YOU'VE GOT) THE MAGIC TOUCH,THE PLATTERS
873,I Second That Emotion,Smokey Robinson
875,I'll Be There,Jackson 5
878,Knife,Rockwell
903,Private Dancer,Tina Turner
907,Raspberry Beret,Prince
920,Tonight,Alex E.
928,Sir Duke,Stevie Wonder
941,PAPA'S GOT A BRAND NEW BAG,JAMES BROWN
942,Funky Broadway,Lester Chrisitan
944,Devil With A Blue Dress On,Mitch Ryder
951,That's What Friends Are For,Dionne & Friends
962,You On My Mind,Swing Out Sisters
964,When I Die,Milli Vanilli
967,Better Days,Diane Reeves
972,Holding Back The Years,Simply Red
985,Thanks To You,Tyler Collins
987,Vision Of Love,Mariah Carey
991,AFTER THE LOVE HAS GONE,EARTH WIND AND FIRE
994,Because You Love Me,Celine Dion
1002,Dream About You,Stevie B.
1011,GOOD TO BE BACK,NATALIE COLE
1015,I Can Love You Like That,All-4-One
1024,More Than You'll Ever Know,Michael Ruff
1025,More Than A Woman,Bee Gees
1028,You Are Not Alone,Michael Jackson
1031,ONE SHINING MOMENT,DIANA ROSS
1035,SHOWER ME WITH YOUR LOVE,SURFACE
1037,Smooth Operator,Sade
1050,IF THE FEELING IS GONE,ELLA MAY SAISON
1058,IKAW SANA,OGIE ALCASID
1064,KASALANAN BA?,MEN OPPOSE
1111,PAIN IN MY HEART,Ella Mae Saison
1164,Iniibig Kita,Wadab
1294,THANK YOU FOR LOVING ME,JANET BASCO
1315,Alam Mo Ba,Vina Morales
1327,BREATHE AGAIN,TONI BRAXTON
1330,CAN'T CRY HARD ENOUGH,WILLIAM BROTHERS
1341,Dream Lover,Mariah Carey
1399,Another Sad Love Song,Toni Braxton
1404,STARDUST,BILLY WAYWARD
1415,TWILIGHT TIME,A. DUNU
1431,YOU MEAN THE WORLD TO ME,TONI BRAXTON
1439,FANTASY,EWF
1464,PASKO NA NAMAN,JANET BASCO
1470,Always,Atlantic Star
1502,YOUR LOVE IS KING,SADE
1504,I'll Make Love To You,Boys II Men
1509,MY PRAYER,THE PLATTERS
1512,Goodnight Girl,Wet Wet Wet
1536,WHAT'S GOING ON,MARVIN GAYE
1542,Breakout,Swing Out Sister
1545,ALMAS,RANDY CRAWFORD
1549,On Bended Knees,Boys II Men
1586,LOVE ME,ELVIS PRESLEY
1595,The Most Beautiful Girl,Prince
1600,Bakit Ngayon Ka Lang,Freestyle
1607,SECRET,MADONNA
1633,Do You Know Where Your Going To,Diana Ross
1640,Baby I Need Your Loving,THE FOUR TOPS
1645,Half Crazy,Johnny Gil
1652,Didn't We Almost Have It All,Whitney Houston
1655,In The Still Of The Night,Five Satins
1659,DON'T,ELVIS PRESLEY
1691,WHO IS IT,MICHAEL JACKSON
1710,Just Once,James Ingram
1713,Touch Me In The Morning,Diana Ross
1720,ALFIE,DIONNE WARWICK
1725,You To Me Are Everything,The Real Thing
1729,YOU'LL NEVER FIND ANOTHER LOVE LIKE MINE,LOU RAW
1730,BEEN AROUND THE..,LIZA STANSFIELD
1733,THE GREAT PRETENDER,THE PLATTERS
1741,Iniibig Kita,Wadab
1744,I GOT A GIRLFRIEND,JAY R.
1752,Farewell,Jay R.
1753,First Kiss,Nina
1759,Bakit Pa Ba,Jay-R
1767,Better Man,Ogie Alcasid
1768,All I Need,Jay R.
1786,Someone That I Used To Love,Natalie Cole
1798,Aangkin Sa Puso Ko,Vina Morales
1830,OUT OF REACH,GABRIELLE
1834,When You Look At Me,Christina Millian
1851,Thank God I Found You,Mariah Carey
1852,HE WASN'T MAN ENOUGH,TONI BRAXTON
2122,LA CARCACHA,SELENA
2338,BAILA ESTA CUMBIA,SELENA
2546,Careless Whisper,George Michael
2560,End Of the Road,Boys II Men
2561,Endless Love,Lionel Richie & D. Ross
2564,The First Time Ever I So Your Face,Roberta Flack
2582,I Can't Stop Loving You,Ray Charles
2589,I Just Called To Say I Love You,Stevie Wonder
2591,Kiss And Say Goodbye,The Manhattans
2592,Killing Me Softly With His Song,Roberta Flack
2639,THIS MASQUERADE,LEON RUSSELL
2715,Say You Say Me,Lionel Richie
2722,REACHIN' OUT,BEE GEES
2725,Smoke Gets In Your Eyes,The Platters
2728,ONE MORE TRY,GEORGE MICHAEL
2740,When Will I See You Again,The Three Degrees
2741,Saving All My Love For You,Whitney Houston
2743,Too Much Heaven,Bee Gees
2746,When A Man Loves A Woman,Percy Sledge
2779,Save The Best For Last,Vanessa Williams
2804,DADDY'S HOME,SHEP AND THE...
2826,Unchain My Heart,Joe Cocker
2830,I Can't Tell You Why,Eagles
2835,Smooth Criminal,Michael Jackson
2852,Ebony And Ivory,Paul McCartney And Stevie Wonder
2859,NIghts On Broadway,Bee Gees
2878,In The Midnight Hour,Wilson Pocket
2903,Earth Angel,The Penguins
2904,Spanish Harlem,Ben E.King
2910,Great Pretender,The Platters
2914,Dedicated To The One I Love,Carpenters
2974,For Your Love,Ed TownSend
2987,We're In This Love Together,Al Jarreau
2990,I'm So Excited,The Pointer's Sister
3007,On Broadway,Ben E. King
3026,The Greatest Love Of All,Whitney Houston
3027,Sukiyaki,4 P.M.
3032,2 BECOME 1,SPICE GIRLS
3036,ABC,Jackson 5
3040,AFTER THE LOVE HAS GONE,EARTH WIND AND FIRE
3041,AIN'T NOTHING LIKE THE REAL THING,MARVIN GAYE
3043,All At Once,Whitney Houston
3067,Bell Bottom Blues,Eric Clapton
3102,Don't Say Goodbye,Pops Fernandez
3132,Goin Back To Indiana,F. Peren
3133,Goin' out of my head,The Imperials
3148,How Sweet It Is To Be Loved By You,Marvin Gaye
3154,How Sweet It Is (To Be Loved By You),Frank Sinatra
3157,I Heard It Through The Grapevine,Marvin Gaye
3162,I Swear,All 4 One
3163,I LOVE THE NIGHT LIFE,ALICIA BRIDGE
3165,I THANK YOU,SAM AND DAVE
3167,I Want You Back,F. Perren
3168,I Will Always Love You,Whitney Houston
3181,I've Been Loving You,Isaac Hayes
3193,LET'S GROOVE,"EARTH, WIND, FIRE"
3209,Mercy Mercy Mercy,Marvin Gaye
3237,PRIVATE NUMBER,ISAAC HAYES
3238,Quit Playing Games,Backstreet Boys
3241,RESPECT YOURSELF,ISAAC HAYES
3250,Sing A Song,Earth Wind And Fire
3254,SOUL MAN,Isaac Hayes
3259,Still,Lionel Richie
3263,Sweet River,Lionel Richie
3267,That's Life,Frank Sinatra
3269,The Love You Save,F. Peren
3280,TONIGHT,ALEX E.
3295,You Are The Sunshine of My Life,Stevie Wonder
3314,Always Be My Baby,Mariah Carey
3351,BREAK OUT,SWING OUT SISTER
3397,Don't Go Breakin' My Heart,Elton John
3406,DREAMING OF YOU,SELENA
3417,Exhale(Shoop Shoop Song),Whitney Houston
3418,Expressway To Your Heart,Ohio Players
3437,Ghost Busters,Ray Parker
3449,Greatest Love Of All,Whitney Houston
3505,Killing Me Softly,Fugees
3549,Mornin',Al Jarreu
3585,Real Love,Jodi Wayne
3589,Relax,To Hollywood
3599,Roof Garden,Al Jarreau
3608,Say You'll Be There,Spice Girls
3643,SUPERSTITIOUS,STEVIE WONDER
3647,Sweet Freedom,Michael McDonald
3686,Walk On By,Dionne Warwick
3692,We Are Family,Sledge Sisters
3750,"10,000 Promises",Backstreet Boys
3864,I Don't Want To,Toni Braxton
3906,Just For You,Lionel Richie
3939,Make It Real,The Jets
4121,The Knife,Rockwell
4137,THIS IS MY NIGHT,CHAKA KHAN
4164,WANTED,Dolleys
4182,YES WE CAN CAN,THE POINTER SISTERS
4183,All Night Long,Lionel Ritchie
4188,Careless Whisper,George Michael
4196,EASY,LIONEL RICHIE
4198,Fantasy,"Earth, Wind & Fire"
4199,Father Figure,Wham
4202,GEORGIA ON MY MIND,RAY CHARLES
4215,I'LL BE THERE,JACKSON 5
4216,I'M A FOOL TO CARE,RAY CHARLES
4217,I'M YOUR BABY TONIGHT,BABYFACE
4218,IN THE GHETTO,ELVIS PRESLY
4219,INNER CITY BLUES,MARVN GAYE
4227,Let The Good Times Roll#1#2Leonard Lee,Ray Charles
4237,SAIL ON,LIONEL RICHIE
4239,Sexual Healing,Marvin Gaye
4240,Shape Of My Heart,Backstreet Boys
4242,SHINING STAR,EWF
4249,Three Times A Lady,Lionel Richie
4263,IN YOUR EYES,GEORGE BENSON
4270,On My Own,Michael Mcdonald
4279,Stay The Same,Joey McIntyre
4284,NO SCRUBS,TLC
4285,2 BECOME 1,SPICE GIRLS
4286,As Long As You Love Me,Backstreet Boys
4293,All My Life,KC & Jojo
4299,My All,Mariah Carey
4301,All I Have To Give,Backstreet Boys
4306,If You Had My Love,Jennifer Lopez
4330,DREAMING OF YOU,SELENA
4332,You Are Not Alone,Michael Jackson
4334,Nandito Ako,Ogie Alcasid
4339,Genie In A Bottle,Cristina Aguilera
4345,I Believe I Can Fly,R. Kelly
4349,Waiting For Tonight,Jennifer Lopez
4352,QUIT PLAYING GAMES,BACKSTREET BOYS
4356,Too Much,Spice Girls
4358,Cry For Help,Rick Ashley
4366,What A Girl Wants,Christina Aguilera
4371,One Moment In Time,Whitney Houston
4374,BECAUSE OF YOU,98 DEGREES
4406,All Woman,Lisa Stansfield
4431,Blowing Kisses In The Wind,Paula Abdul
4443,CAN YOU FEEL IT,JANET JACKSON
4463,For Your Babies,Mick
4464,Freed Home Desire,Gala
4467,From The Heart,Dianne
4507,Horny,Mousse T. ft Hot & Juicy
4510,How Do I Live Without You,Arnee Hidalgo
4535,I Want You For My Self,Another Level
4536,I WILL BE WAITING,Lisa Stansfield
4634,MIDNIGHT HOUR,WILSON PICKETT
4642,Mother-In-Law,Ernie K. Doe
4679,ONE IN A MILLION,LARRY GRAHAM
4718,ROCK THE BOAT,HUES CORPORATION
4725,RUSH,PAULA ABDUL
4739,Shining Star,EWF
4744,Sisters Are Doin It,Annie Lennox
4788,THE BOY IS MINE,BRANDY AND MONICA
4792,THE GREAT PRETENDER,THE PLATTERS
4802,THE PROMISE OF A NEW DAY,Peter Lord
4835,Together Forever,Rick Astley
4851,UPTOWN,THE CRYSTALS
4878,WHEN I THINK OF YOU,JANET JACKSON
4891,WOMAN TO WOMAN,Joe Cocker
4899,YOU CAN'T DENY IT,Lisa Stansfield
4901,You Gotta Be,Des'ree
4903,You Make Me Feel Like A..,Carole King
4904,YOU MIGHT NEED SOMEBODY,T.Snow
4917,BACK AT ONE,BRIAN MCNIGHT
4933,I Turn To You,Christina Aguilera
4969,It's Gonna Be Me,NSYNC
4992,BACK AT ONE,BRIAN MCNIGHT
5030,LE FREAK,CHIC
5105,HIGH,LIGHTHOUSE FAMILY
5116,Bakit Galit Ka,First Cousin
5127,Angel Of Mine,Monica
5132,Basta't Mahal Kita,Renz Verano
5140,DITO SA PUSO KO,JAYA
5147,I Do,98 Degrees
5152,I'm Your Angel,Celine Dione
5155,Kaba,Tootsie Guevarra
5170,Love Of My Life,South Border
5223,When You Beleive,Mariah Carey
5230,Before I Fall Inlove,COCO Lee
5260,Lately,Stevie Wonder
5263,YOU SHOULD KNOW BY NOW,ANGELA BOFILL
5273,One In A Million You,Larry Graham
5284,You Changed My Life In A Moment,Angela Bofill
5285,Missing You,Freestyle
5286,Love Don't Cost A Thing,Jennifer Lopez
5292,For All Of My Life,For Real
5295,Hanggang Ngayon,Kyla
5299,If Ever You're In My Arms Again,Peabo Bryson
5302,Iba Ka Na Pala Ngayon,Mike Luis
5308,Oblivious,Kaya
5309,One By One,Cher
5331,Was It Something I Didn't Say,98 Degrees
5332,WHY,3T BROTHERHOOD
5335,MY EVERYTHING,98 DEGREES
5346,Bakit Galit Ka,First Cousin
5348,Best That You Can Do,Michael Ruff
5351,Butterfly,Mariah Carey
5356,End Of The Road,Boys II Men
5359,Everytime I Close My Eyes,Babyface
5361,I Don't Want To,Toni Braxton
5385,WHAT YOU WON'T DO FOR LOVE,BABBY CALDWELL
5402,IN THE STONE,"EARTH, WIND & FIRE"
5432,YOU CAN'T DO THAT,BEATLES
5452,IT'S OVER NOW,ULTRA NATE'
5473,TOO LATE TOO SOON,JOHN SECADA
5498,LORENA,RENZ VERANO
5518,Sabi Mo,Wise Guys
5524,The Call,Backstreet Boys
5525,This Time,Freestyle
5529,BETCHA' BY GOLLY WOW,STYLISTICS
5537,All For You,Janet Jackson
5549,Try Again,Aaliyah
5551,6 8 12,BRIAN MCKNIGHT
5552,A SONG FOR MAMA,BOYZIIMEN
5579,FAST CAR,TRACY CHAPMAN
5599,I'LL SAY GOODBYE FOR THE TWO OF US,EXPOSE
5652,SWEET LOVE,ANITA BAKER
5670,Without You,Samantha Cole
5720,Iba Ka Na Pala Ngayon,Mike Luis
5725,Kahit Kailan,South Border
5766,LADY MARMALADE,ALL SAINTS
5767,SWEET LOVE,ANITA BAKER
5771,A Song For Mama,Boyz II Men
5773,6 8 12,BRIAN MCKNIGHT
5791,FAST CAR,TRACY CHAPMAN
5798,Come On Over,Cristina Aguilera
5806,This I Promise You,NSYNC
5825,Ikaw Sana,Ogie Alcasid
5838,One Sweet Day,Mariah Carey ft Boyz II Men
5859,Superwoman,Karyn White
5865,This Time,Freestyle
5894,One By One,Cher
5906,So Slow,Freestyle
5916,HANGGANG NGAYON IKAW,OGIE ALCASID
5917,I Feel For You,Chaka Khan
5925,All Or Nothing,O-Town
5926,AM I THE SAME GIRL,SWING OUT SISTER
5932,Anywhere For You,Backstreet Boys
5943,BETCHA' BY GOLLY WOW,STYLISTICS
5977,Just Another Day Without You,John Secada
6027,THIS IS OUR SONG,CODE RED
6075,Just For You,Lionel Richie
6098,Before I Let You Go,Freestyle
6105,COUNT ON ME,WHITNEY HOUSTON
6122,Kaya Pala,Pops Fernandez
6126,LOVING YOU,MINNIE RIPERTON
6134,NEW YEAR,SUGARBABES
6151,Walking Away,Craig David
6159,A Natural Woman,Carole King/Aretha Franklin
6162,Abraham Martin And John,Celine Dion
6164,AIN'T NO SUNSHINE,BILL WITHERS
6210,I LOVE YOUR SMILE,SHANICE
6253,Lovin' You,Minnie Ripperton
6258,Make It Real,The Jets
6270,MOST BEAUTIFUL GIRL,PRINCE
6271,The Most Beautiful Girl,Prince
6278,MY CHERIE AMOUR,STEVIE WONDER
6279,MY FATHERS EYES,ERIC CLAPTON
6284,NICE AND SLOW,USHER
6296,ON MY OWN,MICHAEL MCDONALD
6339,South of The Border,MARIAH CAREY
6396,Anyone Can See,Irene Cara
6410,EVERYBODY PLAYS A FOOL,AARON NEVILLE
6417,I'll Be There,Mariah Carey
6418,I'm Every Woman,Witney Houston
6419,I'M GONNA MAKE U LOVE ME,SUPREMES
6430,Just Another Day Without You,John Secada
6433,LET'S GROOVE,"EARTH, WIND, FIRE"
6434,Long And Winding Road,Luther Vandross
6441,MY GIRL,THE TEMPTATIONS
6442,NEITHER ONE OF US,GLADYS KNIGHT
6443,Never Be The Same Again,Mel C.
6463,CAUGHT UP IN THE RAPTURE,ANITA BAKER
6467,ERRIE MY LOVE,RAY CHARLES
6471,Make It Easy On Me,Steps
6480,I'D RATHER,LUTHER VANDROSS
6489,Kung Ako Na Lang Sana,Bituin Escalante
6501,SMILE LIKE MONALISA,ALL-4-ONE
6509,ALIVE,JENNIFER LOPEZ
6514,One Love,Blue
6536,BEAUTIFUL,CHRISTINA AGUILERA
6551,COUNT ON ME,WHITNEY HOUSTON
6557,DILEMMA,NELLY
6561,For Your Babies,Simply Red
6563,HANGGANG NGAYON IKAW,OGIE ALCASID
6571,IF I CAN DREAM,ELVIS PRESLEY
6585,Kiss From A Rose,Seal
6593,MISSING YOU,DIANA ROSS
6594,Missing You,Backstreet Boys
6619,Sorry Song,Brian McKnight
6625,TELL HIM,THE EXCITERS
6626,THAT'S THE WAY (I LIKE IT),BACKSTREET BOYS
6635,Together Again,Janet Jackson
6636,TOO LATE TOO SOON,JON SECADA
6641,VISIONS OF A SUNSET,SHAWN STOCKMAN
6646,When You Believe,Mariah Carey
6664,I'm Glad,J.Lopez
6675,NEVER EVER,ALL SAINTS
6702,Hanggang Ngayon,Kyla
6756,One Love,Blue
6759,The Past,Ray Parker
6792,EVERYTHING,JODY WATLEY
6801,Three Ring Circus,Blue Magic
6817,DI KO KAYA,TEENHEARTS
6840,BEST IN ME,BLUE
6843,DIRRTY,Christina Aguilerra
6854,Huwag Ka Lang Mawawala,Ogie Alcasid
6871,Jenny From The Block,Jennifer Lopez
6877,NEVER EVER,ALL SAINTS
6882,"One Body, One Soul",Ella Mae Saison
6900,Through The Rain,Mariah Carey
6904,Upside Down,Diana Ross
6925,DEJAVU,DIONNE WARWICK
6941,Jealous,Nina
6952,Try It On My Own,Whitney Houston
6971,Drowning,Backstreet Boys
6977,Free,Lighthouse Family
6980,Give Love On Christmas Day,Jackson 5
6983,Bakit Ngayon Ka Lang,Freestyle feat. Pops Fernandez
7012,SPINNING WHEEL,BLOOD SWEAT AND TEARS
7014,SUSPICIOUS MINDS,ELVIS PRESLEY
7033,You Are The Love Of My LIfe,Diana Ross
7038,You Should Know By Now,Angela Bofill
7047,Unbreak My Heart,Toni Braxton
7049,Reunited,Peaches and Herbs
7057,Always,Atlantic Star
7078,Make It Real,The Jets
7094,Time Will Reveal,El Debarge
7095,Where's The Love,Black Eyed Peas
7096,DIRRTY,Cristina Aguilerra
7099,ALWAYS AND FOREVER,MARIAH CAREY
7118,NO ONE ELSE COMES CLOSE,Joe
7119,One Hello,Randy Crawford
7146,Anytime,Janet Jackson
7166,BAD,MICHAEL JACKSON
7176,The Best Thing That Ever Happened,Gladys Knight and the Pips
7177,Betcha By Golly Wow,Stylistics
7191,(YOU'VE GOT) THE MAGIC TOUCH,THE PLATTERS
7199,By Your Side,Lovely M.
7225,All In Love Is Fair,Stevie B.
7227,Never Be The Same Again,Mel C.
7248,It's Gonna Be Me,NSYNC
7271,Back At One,Brian Mcnight
7296,Remember Me This Way,JORDAN HILL
7303,Fantasy,"Earth, Wind & Fire"
7304,Father Figure,Wham
7309,I Want You For My Self,Another Level
7334,MOST BEAUTIFUL GIRL,PRINCE
7344,OUT OF REACH,GABRIELLE
7351,2nd Floor,Nina
7352,When You Look At Me,Christina Millian
7355,Aangkin Sa Puso Ko,Vina Morales
7360,BABY BOY,BEYONCE
7375,Like I Love You,Justin Timberlake
7377,Bakit Pa Ba,Jay-R
7378,Because Of You,Keith Martin
7379,Crazy Inlove,Beyonce
7380,DESIGN FOR LOVE,JAY R
7385,I GOT A GIRLFRIEND,JAY R.
7388,Thank God I Found You,Mariah Carey
7389,HE WASN'T MAN ENOUGH,TONI BRAXTON
7391,Keep On Loving You WO NAN GO,Renz Verano
7398,Cold Summer Nights,Arnee Hidalgo
7460,QUESTION OF FAITH,LIGHTHOUSE FAMILY
7467,WHO LET YOU CRY,VANESS WU
7471,Any day Now,Elvis Presley
7478,Bring It Home To Me,Sam Cooke
7497,I CAN'T GET OVER YOU,LIONEL RICHIE
7505,Just Say I LOve Him,Timi Yuro
7525,THE SHOOP SHOOP SONG,WHITNEY HOUSTON
7528,This Time I Know Is Forever,Errol Brown
7536,A PLACE IN THE SUN,STEVIE WONDER
7591,When You Smile,Arnee Hidalgo
7595,Kung Ibibigay Sa Yo,Nina
7602,I'm Going To Heaven,Nina
7618,I Will Be There,Kyla
7623,Can't Hold Us Down,Christina Aguilera
7685,If You Come Back,BLUE
7687,HEY SEXY LADY,SHAGGY
7694,You've Made Me Stronger,Regine Velasquez
7699,Breathe Easy,Blue
7702,Guilty,Blue
7707,Rainbow,South Border
7745,Padjakero,Jojit Pelaez
7770,GOTHAM CITY,R.Kelly
7774,Hole In The Head,Sugababes
7780,Sakaling Mahalin Mo,Rannie Raymundo
7795,Sorry Seems To Be The Hardest Word,Blue Feat. Elton John
7802,Yeah,Usher ft Ludacris Lil' Jon
7807,Naughty Girl,Beyonce
7809,Hey Ya,Outkast
7818,Always Been You,Imajin
7842,Family Affair,Mary J. Blige
7854,Only Love,Trademark
7858,TILL I FOUND YOU,FREESTYLE
7860,The Voice Within,Christina Aguilera
7866,Bringing Heartbreak,Mariah Carey
7872,A Girl Can Dream,Nina
7874,Human Nature,Kyla
7880,Kung Mahal Mo Sya,Jay-R
7882,Make You Mine,Nina
7900,What If,Nina
7902,Answer The Phone,Chona Pada
7905,STAND BY ME,BEN E.KING
7922,Get Down On It,Kool And The Gang
7931,YOU ARE SO BEAUTIFUL,JOE COCKER
7954,Whatever We Imagine,James Ingram
7960,Fill Me In,Craig David
7970,SMOOTH CRIMINAL,MICHAEL JACKSON
7975,Lucky Lips,Ruth Brown
7976,SMOOTH OPERATOR,SADE
7986,Nice And Slow,Usher
7995,A Woman's Worth,Alicia Keys
8004,Superstar,Jamelia
8005,DONT CRY OUT LOUD,RACHEL ANN GO
8006,Angels Brought Me Here,Guy Sebastian
8015,Ikaw Nga,South Border
8026,I Live For Your Love,Natalie Cole
8033,If Ever You're In My Arms Again,Peabo Bryson
8040,Overjoyed,Sharon Cuneta
8042,Carwash,Cristina Aguilerra
8062,Burn,Usher
8074,Love Of My LIfe,South Border
8082,Officially Missing You,Tamia
8089,My Boo,Usher ft. Alicia Keys
8092,What If,Baby Face
8102,EASY,LIONEL RICHIE
8113,I Need You,3T And Michael Jackson
8122,My Place,Nelly
8124,Dear Lie,TLC
8144,Pinakamagandang Lalaki,Janno Gibbs
8146,I Don't Wanna Be Your Friend,Nina
8149,Fallin',Janno Gibbs
8151,If I Ain't Got You,Alicia Keys
8155,I Always Get Caught...,Dionne Warwick
8161,I Don't Wanna Lose You,The Spinners
8167,It's The Same Old Song,The Supremes
8170,Try Again,Aaliyah
8173,Get Right,Jennifer Lopez
8174,Trackin',Billy Crawford
8201,Part Time Lover,Stevie Wonder
8211,Gonna Get Your Love,Sister Sledge
8215,Living to Love You,Sarah Connor
8218,Were In This Love Together,Al Jarreau
8219,Fighter,Christina Aguilera
8226,Let Me Love You,Mario
8229,It's Like That,Mariah Carey
8244,We Belong Together,Mariah Carey
8247,Don't Phunk With My Heart,Black Eyed Peas
8260,Hanggang Kailan,Orange And Lemons
8261,All Rise,Blue
8264,Crazy,KC and Jojo
8266,Disco Inferno,The Trampps
8268,Go The Distance,Michael Bolton
8269,Don't Love You No More (I'm Sorry),Craig David
8276,Don't lie,BLack Eyed Peas
8277,Don't Cha Wanna Ride,Joss Stone
8284,Push The Button,Sugababes
8285,Every Now And Then,"Earth, Wind and Fire"
8293,Shake it Off,Mariah Carey
8302,Waterfall,TLC
8303,Ugly,Sugababes
8306,Overload,Sugababes
8328,Diba,Nina
8339,Who's Loving You Now,Erik Santos
8358,Mananatili,Freestyle
8361,So Good,Al Jarreu
8370,Lihim,Orange And Lemons
8376,Stick Wit U,Pussy Cat Dolls
8377,Don't Cha,Pussy Cat Dolls
8403,If You Walk Away,Rahcelle Ann Go
8415,Binibini,Janno Gibbs
8416,Don't Forget About Us,Mariah Carey
8421,Knocks Me Off My Feet,Stevie Wonder
8425,Put Your Records On,Corrine Baely Rae
8433,Beep,Pussycat Dolls
8439,Sabihin Mo Na,Top Suzara
8448,I Care,Rachel Ann Go
8468,SO SICK,NE-YO
8469,UNFAITHFUL,RHIANNA
8470,BUTTONS,PUSSYCAT DOLLS
8477,KUNG MALAYA LANG AKO,CHRIS LAWRENCE
8495,You Are The One,TONI GONZAGA AND SAM MILBY
8502,THIS TIME I'LL BE SWEETER,ANGELA BOFFIL
8504,BAKIT,RACHEL ANN GO
8509,You've Got It All,The Jetts
8536,HURT,CRISTINA AGUILERA
8539,AIN'T NO OTHER MAN,CRISTINA AGUILERA
8548,IKAW,BRENAN ESPARTINEZ
8558,KARMA,ALICIA KEYS
8561,IRREPLACEABLE,BEYONCE
8583,GEORGY PORGY,TOTO
8585,SANA NAMAN,CIVIL EYES
8589,Nasa'n Ka Na,KYLA
8590,BEAUTIFUL DAYS,KYLA
8592,SOMEDAY,NINA
8601,Listen,Beyonce
8607,Reasons,"Earth, Wind & Fire"
8612,BEAUTIFUL LIAR,BEYONCE & SHAKIRA
8621,SAMA NA,CHILITIES
8779,UMBRELLA,RIHANNA FT. JAYZEE
8827,BEHIND THOSE EYES,PANKY TRINIDAD
8829,Bright Lights,Billy Crawford
8835,DON'T MATTER,AKON
8853,Don't Say Goodbye,Rachel Ann Go
8861,WHERE IS LOVE,NINA
8865,Beautiful Girls,Sean Kingston
8883,At Your Best,Aaliyah
8904,I WISH YOU LOVE,KYLA
8922,Beautiful Girl,Sean Kingston
8931,PIANO IN THE DARK,BRENDA RUSSELL
8953,BECAUSE OF YOU,NE-YO
8963,LOVE IS CONTAGIOUS,NINA
8967,DON'T STOP THE MUSIC,RIHANNA
8973,TAYONG DALAWA,AICELLE SANTOS
8999,PANGAKO YAN,LUKE MEJARES
9005,Ikaw Lang At Ako,Janno Gibbs
9022,Who's Holding Donna Now,El DeBarge
9055,IF THE FEELING IS GONE,KYLA
9064,Burn,Nina Feat Christian Baustista
9070,KASINUNGALINGAN,JANNO GIBBS
9083,Not Your Ordinary Girl,Kyla
9084,One Day I'll Fly Away,Randy Crawford
9093,Shut Up,Black Eyed Peas
9095,Still A Friend Of Mine,Incognito
9136,Di Na AKo,Renz Verano
9145,Flexin',Kyla
9147,Game Face,Jay R
9156,Harbor Lights,The Platters
9162,Heaven,Nina
9176,I'd Still Say Yes,Climax
9189,Ikaw Lang Ang Iibigin Kailan Man,Jay R.
9219,All I Have,Jennifer Lopez feat. LL Cool  J.
9233,SO BLUE,SINO SIKAT
9234,Apologize,Timbaland
9242,No One,Alicia Keys
9280,Take You There,Sean Kingston
9286,Hold You Down,Jennifer Lopez Ft. Fat Joe
9292,Bleeding Love,Leona Lewis
9303,BELLY DANCER,AKON
9308,I WANNA LOVE YOU,AKON FT. SNOOP DOGG
9312,I DON'T WANT YOU TO GO,KYLA
9315,LONELY,AKON
9340,MAKE ME BELIEVE,AICELLE SANTOS
9344,WITH YOU,CHRIS BROWN
9348,ONE STEP AT A TIME,JORDIN SPARKS
9349,NO AIR,JORDIN SPARKS
9352,TOUCH MY BODY,MARIAH CAREY
9354,TAKE A BOW,RIHANNA
9366,It Can Only Get Better,Charice Pempengco
9374,Bartender,T-Pain ft. Akon
9375,Better In Time,Leona Lewis
9376,Disposable (Irreplaceable),Tagalog Version
9387,Barista (Bartender),Tagalog Version
9391,Wag Mong Pipigilan,Miss Ganda
9399,Magic,Sino Sikat
9401,Praning,Sino Sikat
9407,Smack That,Akon ft Eminem
9410,Muli,Janno Gibbs
9417,Hear My Heart,Nikki Gil
9424,Asero,Janno Gibbs
9439,Turning My Safety Off,Sino Sikat
9444,Superwoman,Alicia Keys
9445,Superhuman,Chris Brown ft Keri Hilson
9448,I'll Be Loving You Long Time,Mariah Carey ft. T.I.
9449,Miss Independent,Ne-yo
9486,Heart To Heart,Kyla
9497,Closer,Ne-yo
9501,HERO,Miguel
9515,PERMANENT MONDAY,Jordin Sparks
9521,PAANO,Kris Lawrence
9537,Single Ladies,Beyonce
9541,Mad,Neyo
9554,Bye Bye,Marah Carey
9566,SINO BA NAMAN AKO,Mau Marcelo
9574,LAMBINGAN,Kontagious
9575,I Stay In Love,Mariah Carey
9583,There You'll Be,Nina
9610,Cold Summer Nights,Francis M.
9616,I Still Believe In Love,Jaya
9619,It's You I Cannot Do Without,Jaya
9648,Right Now Na Na,Akon
9657,Antukin,Rico Blanco
9680,Full Of Love,Ella Mae Saison
9683,Hands Of Time,Gino Padilla
9689,I Love You Goodbye,Nina
9694,Is it Over Now,Nina
9695,Just Say You Love Me,Pops Fernandez
9699,Laging Mayroong Bukas,Pat Castillo
9713,NGAYO'Y NARIRITO,Jay R
9718,Pa'no Kaya,Ella Mae Saison
9721,Sana Lagi,Jasmine Trias
9724,Stay With Me,Nina
9730,When You Smile,Arnee Hidalgo
9740,I Believe,Arnee Hidalgo
9743,Kasalanan Ko Ba,Mark Bautista
9749,Real Girl,Mutya Buena
9757,Halo,Beyonce
9759,Back in Time,Kyla duet with Jay-R
9762,The Boy Does Nothing,Alesha Dixon
9791,HAVEN'T STOPPED LOVING YOU,Janno Gibbs
9806,Wait For You,Kyla
9809,I Don't Want You To Go,Kyla
9810,Say That You Love Me,Kyla Feat. Jay-R
9812,Insomnia,Craig David
9830,Di Ko Sadya,Jay-R
9831,Di Nagpaalam,Brenan
9834,I Miss You So Much,Kyla
9845,Last Dance,Donna Summer
9857,Time To Say Goodbye,Nina
9885,Sa 'Yo Lang(Paint My Love),Renz Verano
9919,It's In His Kiss (The Shoop Shoop Song),Cher
9920,Mercy,Duffy
9922,American Boy,Estelle
9925,Crazy,Gnarls Barkley
9927,Sit Down (Next To Me),James
9941,Sitting On The Dock Of The Bay,Otis Redding
9950,Killer,Seal
9979,If I Were A Boy,Beyonce Knowles
9993,Human Nature,Billy Crawgord
11003,You Make Me Feel,Kyla
11012,This Is It,Michael Jackson
11017,Russian Roulette,Rihanna
11023,Pyramid,Charice ft Sean Kingston
11025,Half Crazy,Freestyle
11064,Dangerous,Akon feat. Kardinal Official
11070,How Could I,Paraluman
11074,Replay,Iyaz
11076,What Goes Around,Justin Timberlake
11077,I Want To Know What Love Is,Mariah Carey
11078,Sexy Love,Ne-yo
11079,Summer Love,Justin Timberlake
11094,Leavin',Jesse McCartney
11101,Say It Right,Nelly Furtado
11103,S.O.S. (Rescue Me),Rihanna
11111,How Do You Sleep,Jesse McCartney feat. Ludacris
11113,I Call It Love,Lionel Richie
11118,Just Go,Lionel Richie feat. Akon
11121,Me & U,Cassie
11135,Never Forget You,Noisettes
11137,Last Request,Paolo Nutini
11138,New Shoes,Paulo Nutini
11148,3 Words,Cheryl Cole ft Will I. Am
11149,Te Amo,Rihanna
11159,Candy,Paulo Nutini
11160,All Behind Us Now,Patti Austin
11173,You Still Have My Heart,Princess
11179,OMG,Usher ft WIll I Am
11188,Eenie Meenie,Sean Kingston ft Justin Bieber
11189,Somebody To Love (Remix),Justin Bieber ft Usher
11193,Starlight Express,El Debarge
11195,Nothin' On You,B.O.B ft Bruno Mars
11197,One Less Lonely Girl,Justin Bieber
11199,Westside,TQ
11216,Get It Shawty,Lloyd
11218,Heaven Sent,Keyshia Cole
11225,Like A Boy,Ciara
11226,Lost Without U,Robin Thicke
11242,Foolish Heart,Nina
11249,Sige Sayaw,Pop Girls
11267,Shawty Is A 10,The Dream
11272,Ring The Alarm,Beyonce'
11286,Walk It Out (Dirty),DJ Unk
11287,Pretty Wings,Maxwell
11317,When I'm Gone,Eminem
11337,Find Your Love,Drake
11341,Fight For This Love,Cheryl Cole
11346,Teeth,Lady Gaga
11354,Ten Out Of Ten,Paulo Nutini
11355,She Said,Plan B
11357,Fire Burning,Sean Kingston
11369,What Am I To You,Norah Jones
11374,Deep River Woman,Lionel Richie
11378,Sunrise,Norah Jones
11384,HERE WE GO AGAIN,Norah Jones and Ray Charles
11389,Angels Cry,Mariah Carey ft Ne-Yo
11390,DJ Got Us Falling In Love Again,Usher Ft Pitbull
11392,Did It Ever,Gary V.
11397,Can't Get Enough,Young Jv ft August Rigo
11398,Back To Love,Quest ft Nimbus
11417,Reset,Charice
11425,Water Runs Dry,Boyz  II Men
11427,Dance With My Father,Luther Vandross
11436,Break Your Heart,Taio Cruz
11441,Try Sleeping With A Broken Heart,Alicia Keys
11447,Empire State Of Mind (New York),Jay-Z ft Aicia Keys
11453,Best Behavior,N-Dubz
11454,Beautiful Monster,Ne-yo
11456,One In A Million,Neyo
11459,Perfect Nightmare,Shontelle
11480,Mahal Kita (Di Mo Pansin),Kyla
11483,And I Am Telling You,Charice Pempengco
11504,Well Well Well,Duffy
11510,Obsessed,Mariah Carey
11523,Break Your Heart,Taio Cruz
11532,Eyes Wide Shut,JLS ft Tinie Tempah
11540,Don't Tie Me Down,Kyla
11548,Rude Boy,Rihanna
11563,Forget You,Cee Lo Green
11591,Solo,Iyaz
11604,Next To You,Chris Brown ft. Justin Bieber
11623,Run the World (Girls),Beyonce
11631,Best Thing I Never Had,Beyonce Knowles
11644,1 + 1,Beyonce
11653,Best Of My Love,Emotions
11659,Forever,Damage
11667,Love You Down,INOJ
11668,Muling Ibalik,First Cousin
11675,Boogie On Reggae Woman,Stevie Wonder
11691,DANCE FOR YOU,BEYONCE KNOWLS
11704,Princess Of China,Coldplay ft. Rihanna
11717,Girl Be Mine,Francis M.
11731,I Don't Have The Heart,James Ingram
11747,Masterpiece,Atlantic Star
11753,DO I HAVE TO CRY FOR YOU,NICK CARTER
11755,Ordinary Song,Mark Velasco
11762,California King Bed,Rihanna
11769,Because I Love You,Stevie B
11770,Superstar,Brenan ft. Thai
11771,5 O'Clock,T Pain ft. Wiz Khalifa & Lily Allen
11776,Why Do We Always Hurt The Ones We Love,Dan Hill
11781,Just The Two Of Us,Al Green
11793,Iba Ka Na Pala Ngayon,Mike Luis
11798,Say Hello To Goodbye,Shontelle
11800,Lonely Again,Ne-Yo
11806,Hollywood,Jojo
11807,Marry Your Daughter,Brian McKnight
11818,How To Love,Lil Wayne
11822,Right There,Nicole Sherzinger ft 50 Cent
11827,Heartache,Justin Bieber
11828,She Ain't You,Chris Brown
11833,Who's That Girl,Guy Sebastian
11847,Fly,Nicki Minaj ft. Rihanna
11864,Take Care,Drake ft. Rihanna
11871,Love On Top,Beyonce
11879,What's Going On,Marvin Gaye
11915,Through The Fire,Nina
11922,Used To Be,Charlene ft. Stevie Wonder
11925,Mr. Know It All,Kelly Clarkson
11931,Die In Your Arms,Justin Bieber
11932,Climax,Usher
11939,Drank In My Cup,Kirko Bangz
11940,Everybody Talks,Neon Trees
11966,Side Show,Blue Magic
11967,Boyfriend,Justin Bieber
11975,Can't Say No,Conor Maynard
11991,Healing,Deniece Williams
12528,I SING PRAISES,Terry Macalmon
13059,The Song Of My Soul,Coleen Geronimo
13574,Go The Distance,Michael Bolton
14011,ALL THE MAN THAT I NEED,WHITNEY HOUSTON
14013,IF WE HOLD ON TOGETHER,DIANA ROSS
14028,Knife,Rockwell
14030,FEVER,ELVIS PRESLEY
14032,BREATHE AGAIN,TONI BRAXTON
14042,Billie Jean,Michael Jackson
14048,AFTER THE LOVE HAS GONE,EARTH WIND AND FIRE
15006,Cherish,Kool & The Gang
15021,Payphone,Maroon 5 ft Wiz Khalifa
15031,Sige Lang,Quest
15056,I'll Be The One,Trademark
15058,Scream,Usher
15066,Gangnam Style,Psy
15073,Suddenly,Billy Ocean
15081,Let Me Love You,Ne-yo
15089,365 Days,Lutricia Mcneal
15091,Radio,Amber Davis
15094,As Long As You Love Me,Justin Bieber ft. Big Sean
15110,I Believe,Fantasia Barrino
15111,Enough,Julie Ann San Jose
15115,Maybe,Peabo Bryson & Roberta Flack
15117,I Can't Make You Love Me,Nina
15123,P.S. I'm Still Not Over You,Rihanna
15135,Diamonds,Rihanna
15140,It's All In The Game,Carmel
15145,Gayuma,Abra ft Thyro & Jeriko Aguilar
15149,Do I Make You Proud,Taylor Hicks
15154,Missing You (If I Cry A Thousand Tears),RJ Helton
15156,I Won't Let You Go,James Morrison
15171,Baby I'm For Real,The Originals
15176,Suddenly It's Magic,Vesta Williams
15179,Girl on Fire,Alicia Keys
15194,In Your Eyes,George Benson
15196,Who's Laughing Now,Jessie J
15212,Right Next To Me,Whistle
15217,Sweet Baby,Stanley Clarke And George Duke
15229,First Love Never Dies,Eugene Wilde & Joanna Gardner
15242,Bakit Ngayon,Julie Anne San Jose
15255,Starting Over Again,Natalie Cole
15280,Rise And Fall,Craig David ft. Sting
15281,Rewind,Craig David
15287,I Apologize,Timi Yuro
15289,In My Time,Teddy Pendergrass
15325,Ang Ganda Mo,Phisiks ft. Adrian T
15341,Heaven Knows,Orange And Lemons
15343,How Do You Heal A Broken Heart,Chris Walker
15350,Falling For You,JayR & Marie Digby
15352,Tonight,Jessica Sanchez ft. Neyo
15353,If You're Never,Jessie Ware
15363,Go On Girl,Ne-Yo
15370,Poetic Justice,Kendrick Lamar ft. Drake
15379,Tanong,Young JV
15380,Clarity,Zedd ft. Foxes
15384,The Way,Ariana Grande ft. Mac Miller
15398,Down,Jay Sean
15404,Mirrors,Justine Timberlake
15405,Suit And Tie,Justin Timberlake
15407,Sabihin Mo Naman,Kris Lawrence
15412,Miracle,Stylistics
15415,High School,Nicky Minaj
15428,Enchanted,The Platters
15429,Remember When,The Platters
15440,You And I,J.R.A
15468,How Ya Doin',Little Mix ft Missy Eliot
15471,Beautiful,Mariah Carey ft. Miguel
15510,You'll Never Stand Alone,Charice
15511,Body Party,Ciara
15512,I'm Out,Ciara ft. Nicky Minaj
15519,Help Me Get Over You,Jonalyn Viray
15522,Power Trip,J. Cole ft Miguel
15527,Pretty Girl Rock,Keri Hilson
15534,We Can't Stop,Miley Cyrus
15545,Blurred Lines,Robin Thicke ft. T.I. Pharrell
15566,Nasaan,Aicelle Santos
15580,Ikaw Pala,Kris Lawrence
15582,Incomplete,Sisqo
15583,Ridin Solo,Jason Derulo
15602,Pwede Ba,Midnight Meetings
15614,There's No Easy Way To Break Somebody's Heart,James Ingram
15620,That Girl,Young Jv
15632,Still,Brian Mcknight
15633,Like A Star,Corinne Bailey Rae
15634,Unbelievable,Craig David
15646,Plastic Roses,Jessica Sanchez
15647,Ordinary People,John Legend
15662,One Hundred Ways,Jay R
15669,Give It 2 U,Robin Thicke
15674,Stick Around,Azure
15678,Without You,Charlie Wilson
15684,He Won't Go,Adelle
15724,For You,Kenny Lattimore
15751,Take Me I'll Follow,Bobby Caldwell
15756,Tonight,JayR & Mica Javier
15757,Un-Love You,Kz Tandingan
15796,I Believe In Love Again,Jason Farol
15799,Take Back The Night,Justin Timberlake
15814,Sunlight,Nina
15832,The Art Of Letting Go,Mikaila
15840,My Girl,Willy Moon
15850,Selene 6.23,Shinee
15853,Bad (remix),Wale ft Rihanna
15871,Cool With You,Jennifer Love Hewitt
15874,Hold On We're Going Home,Drake
15877,Fall For You,Shanice
15885,I Wanna Know,Joe
15891,If I Was The One,Ruff Endz
15895,Holy Grail,Jay Z
15897,All That Matters,Justin Bieber
15900,Adore You,Miley Cyrus
15901,My Side Of Town,Lutricia Mcneal
15905,Say It,Voices Of Theory
15906,Shake Your Groove Thing,Peaches & Herbs
15916,Stay The Night,Zedd ft Hayley Williams
15924,Love Me For Me,Cher Llyod
15925,With Ur Love,Cher Llyod
15927,Your Eyes,Cook Da Brooks
15934,How Do I Breathe,Mario
15972,What A Fool Believes,Michael McDonald
15979,Evidence,2AM Club
15986,Liquor Store Blues,Bruno Mars ft. Damian Marley
15990,Classic,MKTO
16004,All Of Me,John Legend
16005,Confident,Justin Bieber
16019,Happy,Pharell Williams
16049,I Can Transform Ya,Chris Brown ft Lil Wayne and Swizz Beatz
16052,Clown,Emeli Sand
16076,Love Me Again,John Newman
16094,Wait For You,Elliot Yamin
16096,XO,Beyonce
16100,Na Na,Trey Songz
16102,Show Me,Kid Ink ft Chris Brown
16130,In A Rush,Blackstreet
16158,They Don't Know,Rico Love
16159,Drunk In Love,Beyonce ft. Jay Z
16160,The Man,Aloe Blacc
16205,Perfect Combination,Stacy Lattisaw & Johnny Gill
16210,Stay With Me,Sam Smith
16216,Good Kisser,Usher
16236,Dyosa,Yumi Lacsamana
16237,Sing,Ed Sheeran
16238,Thinking Out Loud,Ed Sheeran
16245,Wiggle,Jason Derulo ft. Snoop Dogg
16247,How Could I Not Love You,Joy Enriquez
16251,Last Chance,Allure
16258,Only Love Can Hurt Like This,Paloma Faith
16265,I Will Never Let You Down,Rita Ora
16279,The Way You Make Me Feel,Michael Jackson
16291,Girl,Beyonce
16295,Loyal,Chris Brown
16318,Pag-Ibig Na Kaya,Rachelle Ann Go & Christian Bautista
16333,That's Just The Way It Is,2Pac
16335,Caught Up,Usher
16339,Bang Bang,Jessie J Ariana Grande & Nicki Minja
16344,Va Va Voom,Nicki Minaj
16346,Come Get It Bae,Pharrell Williams
16355,New Flame,Chris Brown ft. Usher & Rick Ross
16363,Girl,Beyonce
16364,Something's Got a Hold On Me,Christina Aguilera
16372,Faith,Jordin Sparks
16375,Dear Heart,Kiana Valenciano
16376,You're Mine,Mariah Carey
16380,More,Usher
16385,Stuttering,Jessica Sanchez
16400,Or Nah,Ty Dolla Sign ft. Wiz Khalifa & Dj Mustard
16423,Don't,Ed Sheeran
16432,Torpe,Kris Lawrence
16434,Mahal Ko O Mahal Ako,Kz Tandingan
16440,Para-Paraan,Nadine Lustre
16454,Trumpets,Jason Derulo
16455,Foreign,Trey Songz
16458,Ring My Bell,Anita Ward
16462,Never Gonna Say Goodbye,Billy Preston
16475,You Are The Love Of My Life,George Benson ft Roberta Flack
16476,Just For You,Gwen Guthrie
16478,Qrush On You,Jay-R Elmo Magalona And Q-York
16483,Losing The Love,Joy Enriquez
16486,Salbabida,Kyla
16491,Akin Ka Na Lang,Morissette
16492,Never Gonna Say Goodbye,Billy Preston
16504,The Only One,Thor Dulay
16506,2 On,Tinashe ft Schoolboy Q
16511,Love Me Harder,Ariana Grande & The Weeknd
16515,Can't Stop Thinking About You,Stacy Lattisaw
16519,Rhythm Of The Night,DeBarge
16523,Someone,El Debarge
16525,Zoom,Fat Lary's Band
16538,Uptown Funk,Mark Ronson ft Bruno Mars
16539,Close Your Eyes,Meghan Trainor
16543,With You All The Way,New Edition
16549,When It Was Me,Paula DeAnda
16555,The Heart Wants What it Wants,Selena Gomez
16558,Sometimes A Love Goes Wrong,Carrie Lucas
16560,Never Knew Love Like This Before,Sonia
16571,Ave Maria,Beyonce
16582,Ink,Coldplay
16593,Lips Are Movin',Meghan Trainor
16596,Midnight Blue,Melissa Manchester
16602,One Sided Love Affair,Ray Parker
16620,I Don't Mind,Usher ft Juicy J
16625,Iyong-Iyo(Ang Puso Ko),Big Thing
16632,Could We,Gary and Za Zsa
16636,I Won't Let You Go Again,Jaya
16640,Just Don't Wanna Be Lonely,Blue Magic
16646,Dear Future Husband,Meghan Trainor
16647,Midnight Blue,Melissa Manchester
16651,Can't Say That I Love You,Nina
16669,Stay With Me,Toni Gonzaga
16683,Disclosure,Latch ft Sam Smith
16687,Waves,Mr. Probs
16707,I Believe In You,Joe
16708,I Crave,Marc Dorsey
16713,Burnin Up,Jessie J ft 2 Chainz
16715,Tulad Mo,Julie Ann San Jose
16720,Somebody,Natalie La Rose ft. Jeremih
16721,Sayang Naman,Nina
16733,Tanging Ikaw,Zander Khan
16744,Another Used To Be,Joe
16750,For Your Love,Peaches And Herb
16758,If I Lose My Woman,Kenny Lattimore
16763,Can't Find The Words,Karina Pasian
16764,The Way You Love Me,Karyn White
16773,Love Always Finds A Way,Peabo Bryson
16775,Make You Sweat,Keith Sweat
16779,No Diggity,Blackstreet ft Dr. Dre Queen Pen
16783,Four Five Seconds,Rihanna And Kanye West
16786,Whatta Man,Salt N Peppa
16788,Separated,Usher
16799,When Will I See You Again,Three Degrees
16815,Worth It,Fifth Harmony ft Kid Ink
16831,Hold Back The River,James Bay
16835,Love Me Instead,Moira Dela Torre
16837,Avalanche,Nick Jonas
16844,Lay Me Down,Sam Smith
16855,He's So Shy,The Pointer Sisters
16860,Invisible Man,98 Degrees
16865,Diva,Beyonce
16866,Love Of My Life,Brian McKnight
16869,Marvin Gaye,Charlie Puth ft Meghan Trainor
16874,Earned It,Fifty Shades Of Grey
16890,Walk It Out,Jennifer Hudson ft Timbaland
16898,Can't Take That Away,Mariah Carey
16917,And I Love You,Toni Braxton
16921,Deja Vu,Beyonce ft. Jay-Z
16923,Twerk It Like Miley,Brandon Beal
16935,Born To Love You,George Duke
16938,Caught In That Feeling,Jason Dy
16947,Infinity,Mariah Carey
16951,Di Mapaliwanag,Morissette
16958,Overjoyed,Stevie Wonder
16973,Paano Ko Sasabihin,Thor
16986,Stuck,Darren Espanto
17005,Like I'm Gonna Lose You,Meghan Trainor ft John Legend
17006,Live Without Your Love,Windjammer
17010,Morena,Roxee B.
17018,Ignition,R. Kelly
17020,Good Thing,Sage The Gemini ft Nick Jonas
17021,Good For You,Selena Gomez
17030,The Harder I Try,Free Movement
17032,Nobody Love,Tori Kelly
17034,You Got It Bad,Usher
17039,Ale,Young JV
17045,After All,Al Jarreau
17062,If I Was Your Man,Joe
17063,In My Life,Patti Austin
17074,Love Makes Things Happen,Pebbles
17080,Kiss Me Quick,Nathan Sykes
17090,If You Don't Know Me By Now,Simply Red
17095,Hurt,Timi Yuro
17097,Triangulo,"Thyro Alfaro, Yumi Lacsamana and Jeric Medina"
17107,Slow Motion,Trey Songz
17114,Be Real,Kid Ink ft Dej Loaf
17130,Not Impressed,Julie Anne San Jose
17139,Be With You,Aicelle Santos
17145,Beautiful Now,Zedd ft. Jon Bellion
17163,Locked Away,R. City ft Adam Levine
17164,Booty Call,All Saints
17169,Baby Come Home To Me,Patti Austin and James Ingram
17172,Best Love Song,T-Pain ft Chris Brown
17175,Could It Be I'm Falling In Love,Boyz II Men
17179,Chains,Nick Jonas
17183,Fall For Your Type,Drake
17184,Hotline Bling,Drake
17185,One Last Memory,Impact
17194,For The First Time,John Legend
17197,Fallin' Out,Keyshia Cole
17198,Ballerina Girl,Lionel Richie
17207,Do It Again,Pia Mia ft Chris Brown
17218,Damaged,TLC
17219,Should've Been Us,Tori Kelly
17220,Foolin' Around,Usher
17229,Ain't Nobody,Chaka Khan
17231,Always,James Ingram
17261,Blind,Jason Derulo
17264,Express Yourself,Madonna
17266,All Eyes On You,Meek Mill ft Chris Brown & Nikki Minaj
17275,Sea Of Love,The Honeydrippers
17283,Focus,Ariana Grande
17287,The Hills,The Weeknd
17291,Ain't That A Lot Of Love,Simply Red
17317,Everybody Knows,John Legend
17322,Girl Im Gonna Miss You,Milli Vanilli
17324,The Fix,Nelly ft Jeremih
17339,Tennessee Whiskey,Chris Stapleton
17341,Abante,Loonie ft Kat Agarrado
17344,Biggest Part Of Me,Ambrosia
17346,Baby Be Mine,Michael Jackson
17348,Between The Lines,Chris Brown ft Kevin McCall
17350,Bottoms Up,Trey Songz ft Nicki Minaj
17354,I Wanna Sex You Up,Color Me Bad
17359,Diagnosed With Love,Chris Brown
17368,Gold Digger,Kanye West ft Jamie Foxx
17371,Comfortable,K Camp
17373,Title,Meghan Trainor
17380,Hollow,Tori Kelly
17381,10 Seconds,Jazmin Sullivan
17382,143,Bobby Brackins
17394,Anything,3T
17403,Bittersweet,Fantasia ft. DjLeak
17406,Brand New Me,Alicia Keys
17408,Exchange,Bryson Tiller
17413,Candy Bling,Mariah Carey
17415,Cause I Said So,Ne-Yo
17416,Champagne Life,Ne-Yo
17417,Don't Judge Me,Chris Brown
17430,Read All About It,Emeli Sande
17434,Fa-Fa-Fa-Fa-Fa (SadSong),Otis Redding
17437,Finally,Cece Peniston
17440,First Dance,Justin Bieber ft Usher
17441,Freeze,T-Pain ft Chris Brown
17452,Get Ugly,Jason Derulo
17453,Milagro,Jason Dy
17459,Love Me Kill Me,Maja Salvador
17473,Pilipinas,Quest
17486,Always Been You,Imajin
17491,Another You,Brian McKnight
17493,If I Have To,Avery Wilson
17496,Better Me,Keyshia Cole
17497,One Call Away,Charlie Puth
17498,Tibok,Cholo and Shane
17502,It's Not Easy Letting Go,Daryl Ong
17508,Earth Angel,The Penguins
17511,All My Life,Aaron Neville & Linda Ronstadt
17516,I'm In love With A Monster,5Th Harmony
17531,Love Really Hurts Without You,Billy Ocean
17535,Lot To Learn,Luke Christopher
17536,Over And Over Again,Nathan Skies ft Arianna Grande
17539,Marry Me,Jason Derulo
17540,Naked,Jason Derulo
17546,On My Mind,Ellie Goulding
17551,Here,Alessia Cara
17555,When Love Hurts,JoJo
17557,Runnin'(Lose It All),Naughty Boy ft Beyonce and Arrow Benjamin
17573,Trippin,Eric Benet
17580,Pillowtalk,Zayn
17592,Black Coffee,All Saints
17593,Boss,Fifth Harmony
17604,Countdown,Beyonce
17610,Doesn't Really Matter,Janet Jackson
17611,Ego,Beyonce
17615,If I Were You,Tamia
17616,Chivalry Is Dead,Trevor Wesley
17617,Eternal Love,Stephanie Mills
17618,Everytime,Janet Jackson
17621,Work From Home,Fifth Harmony ft Ty Dolla Sign
17627,For Once In My Life,Vonda Shepard
17630,Glamorous,Fergie ft Ludacris
17631,Go Deep,Janet Jackson
17647,Misty Blue,Dorothy Moore
17657,On My Own,Miley Cyrus
17661,If Ever I See You Again,Roberta Flack
17668,Watch Me Work,Tinashe
17684,A Place With No Name,Michael Jackson
17686,A Woman Needs Love,Ray Parker Jr & Raydio
17693,Babalik Ka Pa Kaya,Wiseguys
17694,Back Together,Robin Thicke (ft Nicki Minaj)
17695,Blame It On The Rain,Milli Vanilli
17699,Disaster,Jojo
17703,Don't Know Why,Norah Jones
17705,Back To The Future,Dru Hill
17718,Going Out Of My Head,Luther Vandross
17726,Dangerous Woman,Ariana Grande
17728,Stone Cold,Demi Lovato
17730,A Better Man,Toni Braxton
17731,It's Hard To Say Goodbye,Regine & Paul Anka
17735,Company,Justin Bieber
17737,It's You,Zayn Malik
17742,No,Meghan Trainor
17744,Zero,Chris Brown
17753,Kiss It Better,Rihanna
17754,When The Last Teardrops Falls,Blaque
17755,Minamahal Pa Rin Ako,Daryl Ong
17767,That's How I'm Feelin',Ciara ft Missy Elliott and Pitbull
17776,Sa Aking Pagpikit,Midnight Meetings
17782,A Girl Like You,Kevon Edmonds & Babyface
17783,A House Is Not A Home,Dionne Warwick
17802,Bennie And The Jets,Elton John
17811,Little More,Chris Brown
17815,Common Denominator,Justin Bieber
17820,Dream Girl,R.Kelly
17825,Love So Right,Bee Gees
17847,Life Is Worth Living,Justin Bieber
17858,Electric Blue,Nicole Scherzinger ft. T.I
17869,I Won't Tell A Soul,Charlie Puth
17872,I'm Ready,Tevin Campbell
17873,Twisted,Keith Sweat
17880,You Are My Everything,Calloway
17885,At Last,Beyonce
17894,Heaven,Beyonce
17917,Tattooed Heart,Ariana Grande
17931,Close,Nick Jonas ft. Tove Lo
17936,Thong Song,Sisqo
17940,Miss You Finally,Trademark
17941,On The Wings Of Love,Regine Velasquez
17947,Along The Way,Atlantic Starr
17948,I'd Rather Go Blind,Beyonce
17949,Show Me The Way Back To Your Heart,Brian McKnight
17950,Suffer,Charlie Puth
17955,The First Time I Ever Saw Your Face,Leona Lewis
17956,Throwback,Morissette ft. KZ
17980,With You I'm Born Again,Billy Preston And Syreeta
17984,At Last,Etta James
17985,Bakit Ba,Ella Mae Saison
17988,Can I Change My Mind,Tyrone Davis
17990,Childhood,Michael Jackson
18003,Woman in Love,The Three Degrees
18018,Body Bumpin' (Yippie Ya Yo),Public Announcement
18021,Almost,Tamia
18028,Army,Ellie Goulding
18030,Laban Pa,KZ Tandingan And Jay R
18034,Can't Sleep Love,Pentatonix
18049,Body Say,Demi Lovato
18082,A Thousand Stars,Eugene Pearson
18085,Secret Lovers,Atlantic Starr
18090,Confidential,Sonny Knight
18094,Do You Love Me,The Contours
18097,Wait For Me,Darryl Hall & John Oates
18101,In The End,Eric Benet
18102,Get Her Back,Robin Thicke
18127,Salute,Little Mix
18129,Old Friend,Phyllis Hyman
18150,Hello,Beyonce
18151,I Love You (Maniwala Ka Sana),Chino Romero
18155,The Pieces Don't Fit Anymore,James Morrison
18167,"Yes, I'm Ready",Teri De Sario & K.C
18174,Another Rainy Day,Corinne Bailey Rae
18176,Let It Go,James Bay
18179,Too Close,Next
18182,A Penny For Your Thoughts,Tavares
18191,"Can't Get Enough Of Your Love, Babe",Barry White
18200,I'm Stone In Love With You,The Stylistics
18201,Star On A TV Show,The Stylistics
18205,Good Times,Chic
18222,It Girl,Jason Derulo
18225,Too Close,Blue
18226,Back To Sleep,Chris Brown
18231,Toothbrush,DNCE
18232,Better,Meghan Trainor ft Yo Gotti
18234,One Away,Sean Kingston
18238,Don't Mind,Kent Jones
18242,Finally Found,Honeyz
18244,My Favorite Part,Mac Miller feat. Ariana Grande
18251,I'm Still In Love With You,New Edition
18260,Mama Said,Lukas Graham
18276,Wag Mong Aminin,Rico Blanco
18289,Santa Tell Me,Ariana Grande
18299,Disappeared,3T
18300,DNA,Little Mix
18304,Hardcore Poetry,Tavares
18308,Better Love,Hozier
18309,Give It Up,Nathan Sykes  ft. G-Eazy
18313,Impossible,Shontelle
18314,Is There Someone Out There,Code Red
18316,4 Seasons Of Loneliness,Boys II Men
18317,Discovery,Brian Mcknight
18324,Cranes In The Sky,Solange
18336,That's My Girl,Fifth Harmony
18349,Like Mariah,Fifth Harmony
18379,Where Did My Heart Go,James Ingram
18381,You Mean More To Me,Lionel Richie
18387,Baby Love,Nicole Scherzinger ft will.i.am
18401,A Promise I Make,Dakota Moon
18402,Famous,Nathan Sykes
18414,Ghost,Ella Henderson
18423,I'm Coming Out,Diana Ross
18431,Let's Wait Awhile,Janet Jackson
18432,Versace On The Floor,Bruno Mars
18434,Gangsta,Kehlani
18443,Starboy,The Weeknd ft Daft Punk
18458,Kiss (Never Let Me Go),Thyro & Yumi
18459,Monumento,Kyla & Kris Lawrence
18481,Too Little Too Late,Jojo
18483,From The Heart,Another Level
18503,Label,Myrtle Sarrosa ft Abra
18507,Killing Myself To Sleep,Charice
18529,You Beat Me To The Punch,Mary Wells
18530,All In My Mind,Maxine Brown
18534,Like I Would,Zayn
18548,Get On Your Knees,Nicki Minaj ft Ariana Grande
18556,My Miracle,Jonalyn Viray
18568,The Way You Do The Things You Do,The Temptations
18569,These Arms Of Mine,Otis Redding
18581,What If,Jason Derulo
18587,Because Of Love,Janet Jackson
18593,Forever More (I'll Be The One),James Ingram
18613,Sorry Doesn't Make It Anymore,The RAH Band
18619,Too Good To Say Goodbye,Bruno Mars
18625,All Night,Beyonce
18635,The Hardest Thing,98 Degrees
18661,Spotlight,Jennifer Hudson
18663,Sunshine,Gabrielle
18675,I Was Made For Loving You,Tori Kelly Ft. Ed Sheeran
18687,Dreams,Gabrielle
18693,Reason For Breathing,Baby Face
18708,Here I Am,Monica
18722,I Feel It Coming,"The Weeknd, Daft Punk"
18723,A Little Space,Ne-Yo
18727,Jealous,Nick Jonas
18730,Lovely Day,Bill Withers
18736,No Greater Love,Clara Benin
18737,One Love,Justine Bieber
18740,Human,Rag'n'Boneman
18755,Love On The Brain,Rihanna
18758,Sandcastles,Beyonce
18780,You're Not There,Lukas Graham
18781,Runaway,Zendee
18790,You Are Everything,The Stylistics
18793,Touch and Go,Ed Sheeran
18800,Tandang Tanda,Thyro and Yumi
18813,I Am Changing,Jennifer Hudson
18847,Walang Hanggan,Quest
18852,This Will Be,Natalie Cole
18853,No Doubt About It,Empire Cast
18888,Do You Believe In Us,Jon Secada
18889,I Who Have Nothing,Candice Glover
18901,Your Body,Christina Aguilera
18915,Golden,Sia ft Travie McCoy
18932,Now Or Never,Halsey
18937,Brave,Jennifer Lopez
18940,End Of The Line,Honeyz
18943,The Way I Do,Marcos Hernandez
18947,Confessions Part 1,Usher
18949,Listen,Kyla
18954,My Guy,Mary Wells
18967,Love Is Forever,Billy Ocean
18971,Lead Me On,Maxine Nightingale
18994,Stay Awake,Ronnie Laws
18997,My Special Prayer,Percy Sledge
26015,Alangan,Zsaris
26022,Love Won't Let Me Wait,Major Harris
26023,Stay,"Zedd, Alessia Cara"
26024,Greedy,Ariana Grande
26027,Finesse,Bruno Mars
26029,Emotions,Mariah Carey
26034,Never Knew I Needed,Ne-yo
26037,So Good,Zara Larsson ft Ty Dolla Sign
26038,I Gave You Everything,Code Red
26042,Leave (Get Out),JoJo
26045,Stuck With Each Other,Shontelle  ft. Akon
26047,Have You Seen Her,The Chi-lites
26061,You're Not There,Lukas Graham
26066,Too Shy To Say,Stevie Wonder
26072,I Got Caught Dancing Again,The Hues Corporation
26073,Heto,Thyro & Yumi
26087,Burnin' Up,Ne-Yo
26093,Ikaw Ang Buhay Ko,Kris Lawrence
26097,I Got Dreams To Remember,Otis Redding
26100,I Wouldn't Beg For Water,Sheena Easton
26116,'Til The End Of Time,Jona
26119,I'd Rather Go Blind,Rod Stewart
26123,Got To Be Real,Chery Lynn
26135,A Tear Fell,Ray Charles
26146,Just Because,Anita Baker
26156,Anybody Seen My Baby,The Rolling Stones
26157,Rise Up,Andra Day
26159,Sometimes You Just Know,Jaya
26160,Bituin,Shehyee ft Keiko Necesario
26164,Son Of A Preacher Man,Dusty Springfield
26168,Tama O Mali,Thyro & Yumi
26173,Slow Hands,Niall Horan
26184,Beautiful,Akon ft Kardinall Ofishall
26187,Let's Stay Together,Al Green
26191,Gonna Make You An Offer You Can't Refuse,Jimmy Helms
26195,"Stop, Look, Listen To Your Heart",The Stylistics
26202,Dive,Ed Sheeran
26217,Himig Ng Panahon,"Luke Mejares, Duncan Ramos, Thyro and Yumi, Loonie"
26220,I Can't Make You Love Me,Boyz II Men
26226,1 Thing,Amerie
26227,Foolish,Ashanti
26230,Wild Thoughts,DJ Khaled ft. Rihanna Bryson Tiller
26237,Could This Be Love,Seduction
26238,Fetish,Selena Gomez ft Gucci Mane
26239,Somebody Else,The 1975
26242,How To Deal,Frankie J
26244,If It Kills Me,Jason Mraz
26252,Once Again,Southborder
26259,Home,Brian Mcknight
26260,Would I Lie To You,Charles & Eddie
26262,Passionfruit,Drake
26266,Saving Forever For You,Shanice
26268,"Baby, Baby, Baby",TLC
26292,Let's Stay Together,Al Green
26302,Only You,The Commodores
26306,Favorite Girl,Justin Bieber
26311,Redbone,Childish Gambino
26335,Heart Song,Mica Javier
26345,It's A Vibe,2 Chainz  ft Ty Dolla Sign Trey Songz Jhene Aiko
26347,Colors,Amos Lee feat. Norah Jones
26348,Save Myself,Ed Sheeran
26350,Kumakaba,Sassa
26352,Try A Little Love,Oscar Harris And The Twinkle Stars
26353,Can U Help Me,Usher
26357,Just Because,Anita Baker
26364,New Day,Alicia Keys
26366,Pretty Hurts,Beyonce
26371,Sorry Not Sorry,Demi Lovato
26374,Don't Let Go,En Vouge
26377,Down,Fifth Harmony
26378,Kulay,Young JV
26390,Somewhere Over The Rainbow,Ariana Grande
26412,Location,Khalid
26438,Save Room,John Legend
26439,Love Galore,SZA ft. Travis Scott
26441,Put It In A Love Song,Alicia Keys ft Beyonce
26446,Baby It's You,Jojo
26449,I'll Be Missing You,Puff Daddy
26458,Not Even The King,Alicia Keys
26465,Havana,Camilla Cabello ft. Young Thug
26476,If I Believed,Patti Austin
26477,Feel It Still,Portugal The Man
26478,The Weekend,SZA
26483,Show Me How You Burlesque,Christina Aguilera
26485,"Stop, Look, Listen",Michael McDonald & Toni Braxton
26487,The Crossroads,Bone Thugs N' Harmony
26488,Waiting,Beyonce
26495,Dance For You,Beyonce
26496,Doesn't Mean A Thing,Alicia Keys
26498,Enough Said,Aaliyah ft Drake
26499,Hit The Road Jack,Buster Pointdexter
26500,Thank You For The Broken Heart,J Rice
26505,Sa Lahat Ng Iba,Aicelle Santos
26514,'Di Ako F'ckboy,JRoa & Emcee Rhenn ft Agsunta
26516,Pure Imagination,Lou Rawls
26517,What Lovers Do,Maroon 5 ft SZA
26518,Titibo-tibo,Moira Dela Torre
26519,Huling Gabi,Moira Dela Torre & Quest
26533,I Forgot To Be Your Lover,William Bell
26535,I Miss You,Beyonce
26536,I'm Ok,Christina Aguilera
26538,Young Dumb & Broke,Khalid
26544,Anything For You,Nina
26548,Love To Love You Baby,Donna Summer
26555,Mistletoe,Justin Bieber
26556,My Everything,Ariana Grande
26568,I Have Questions/Crying In The Club,Camila Cabello
26574,Runaway Love,Justin Bieber
26576,Seven Days,Craig David
26582,There Goes My Baby,Usher
26583,This Gift,98 Degrees
26588,Why Try,Ariana Grande
26590,Human,Craig David
26593,All Of My Life,Diana Ross
26615,Tayo Na Lang Kasi,Kyla and Jason Dy
26628,Love Lockdown,Kanye West
26635,Heaven Must Be Missing An Angel,Tavares
26643,Mesmerize,Ja Rule ft. Ashanti
26644,Your Song,Rita Ora
26646,End Game,Taylor Swift Ft Ed Sheeran & Future
26656,Ladies Night,Kool and the Gang
26662,Play Hard,"David Guetta ft Ne-Yo, Akon"
26667,I Fall Apart,Post Malone
26669,Bad At Love,Halsey
26684,Too Little Too Late,JoJo
26694,L.O.V.E.,Al Green
26725,Privacy,Chris Brown
26731,Tell Me You Love Me,Demi Lovato
26742,Spanish Guitar,Toni Braxton
26743,Dalangin Ko,Zander Kahn
26746,Dusk Till Dawn,Zayn ft. Sia
26755,Who's Loving You,Jackson 5
26760,Lonely Teardrops,Victor Wood
26772,Only Gonna Love You,Kyla feat. REQ
26779,You Don't Know My Name,Alicia Keys
26780,Hit 'Em Up Style(Oops!),Blu Cantrell
26788,I Don't,Mariah Carey ft YG
26815,Sa Aking Pag-iisa,Cinderella
26819,I Can't Turn You Loose,Otis Redding
26821,Can't Give You Anything (But My Love),The Stylistics
26828,IDGAF,Dua Lipa
26844,Lemon,N.E.R.D. ft Rihanna
26852,Together,Ne-Yo
26855,Someday,All 4 One
26871,Rockin' Robin,Bobby Day
26880,Wait,Maroon 5
26886,Tagpuan,Moira Dela Torre
26889,Dying Inside,Darren Espanto
26896,Fix You And Me,Kyla
26900,Sky Walker,Miguel ft Travis Scott
26903,No Drama,Tinashe
26905,Love Lies,Khalid & Normani
26906,When Doves Cry,Prince
26908,Pray For Me,The Weeknd & Kendrick Lamar
26911,Psycho,Post Malone ft. Ty Dolla Sign
26914,Lie To Me,Brook Benton
26921,Private Number,Judy Clay & William Bel
26928,Thinkin' Bout You,Frank Ocean
26947,Up On The Roof,The Drifters
26977,Scars To Your Beautiful,Alessia Cara
26980,The Middle,Zedd ft Maren Morris Grey
26983,Move On,Curse One
26990,Wild Things,Alessia Cara
26993,Best Part,Daniel Caesar
27005,Why,Andra
27006,Kailangan Kita,Curse One
27011,Kahit Di Na Tayo,Yumi ft Curse One
27012,She Loves Me (The Best That I Can Be),James Ingram
27013,The Way I Are,Timbaland
27025,Ya Ya,Lee Dorsey
27040,LUV,Tory Lanez
27049,It's Over,Jesse McCartney
27052,Call Out My Name,The Weeknd
27066,Under The Sun,Cheryl Cole
27068,Let Me,ZAYN
27072,Never Gonna Let You Go,Faith Evans
27101,Crush,Yuna ft Usher
27105,Like That,Kris Wu
27108,Start Again,OneRepublic ft Logic
27109,Sangria Wine,Pharrell Williams ft. Camila Cabello
27111,Entertainer,ZAYN
27129,Walk Away,Paula Deanda
27135,Us,James Bay
27138,Just As Long As We Have Love,The Spinners
27140,Who You Are,Morrisette Amon
27148,Forever Always,Peter CottonTale ft. Chance The Rapper Rex Orange
27160,Happily Ever After,David Choi
27161,Bood Up,Ella Mai
27192,Attention,Post Malone ft Drake
27206,Masasabi Mo Ba?,Rachelle Ann Go
27218,Better With You,Austin Mahone
27219,Summertime Magic,Childish Gambino
27224,All I Ever Need,Austin Mahone
27242,Breathin',Ariana Grande
27249,Talk,Why Don't We
27275,Beautiful,Bazzi ft.Camila
27297,Candy Paint,Post Malone
27316,Panaginip,Morissette
27317,Itatago Na Lang,Sassa
27334,GTFO,Mariah Carey
27335,Moonlight,Ariana Grande
27344,Kababata,Kyla and Kritiko
27350,Best Hugs,DRAM
27358,Without Me,Halsey
27361,The Way I Am,Charlie Puth
27365,Pag Ika'y Nagmahal,Migs Haleco
27369,Love Me Now,John Legend
27376,Naked,James Arthur
27379,Deliver,Fifth Harmony
27398,"Thank You, Next",Ariana Grande
27404,Level Up,Ciara
27427,As You Are,Charlie Puth feat. Shy Carter
27428,Trip,Ella Mai
27433,With You,Mariah Carey
27435,Shoud've Kissed You,Chris Brown
27446,Consequences,Camila Cabello
27453,Habang May Buhay,Regine & Jaya
27462,Strip,Little Mix ft Sharaya J
27464,Sweetener,Ariana Grande
27470,Do You Really Want Me,Robyn
27471,Don't Push Me,Sweetbox
27477,What Good Is A Heart,Code Red
27480,Secret Love,JoJo
27481,No Pressure,Justin Bieber ft. Big Sean
27499,Sweets For My Sweet,The Drifters
27501,The Voice Of Love,Johnny Nash
27521,7 Rings,Ariana Grande
27530,The Way I Are,Bebe Rexha ft. Lil Wayne
27543,Undecided,Chris Brown
27548,Knots,Nieman & Moira
27550,Satisfaction,ZAYN
27552,Dancing With A Stranger,Sam Smith & Normani
27555,Sha La La (Make Me Happy),Al Green
27556,You Send Me,Sam Cooke
27561,Ruby Baby,Dion and the Belmonts
27565,Hurry Up This Way Again,The Stylistics
27581,Talk,Khalid
27582,Please me,Cardi B ft Bruno Mars
27590,Check On It,"Beyonce ft Bun B, Slim Thug"
27593,Preach,John Legend
27600,Together,Ne-yo
27606,Planes,Yuna
27617,Lovin' On A Borrowed Time,William Bell
27624,Love City,Sergio Mendes
27640,You Sexy Thing,Hot Chocolate
27647,Look Back At It,A Boogie Wit Da Hoodie
27649,Dalaga,Allmost
27667,Ikaw At Ako,Moira and Jason
27680,Summer,Nadine Lustre & James Reid
27681,365,Zedd Katy Perry
27684,Mahal Kita Pero Konti Na Lang,Kyla
27686,You Are,Charlie Wilson
27691,Oh Me Oh My,Tina Arena
27702,Tell Me How You Feel,Joy Enriquez
27704,Filipina Girl,Billy Crawford ft Marcus Davis & James Reid
27705,Pretend,CNCO
27721,Ngayong Gabi,Al James
27723,A Love To Last A Lifetime,Juris
27730,Candy Shop,50 Cent
27737,High Hope,S.O.S. Band
27742,Just Because,Anita Baker
27746,Huling Muli,Kyla
27753,Oh No,Lionel Richie
27758,If I Can't Have You,Yvonne Elliman
27764,Triggered,Jhene Aiko
27768,Hands Up,Ottawan
27775,Sa Susunod Na Lang,Skusta Clee ft Yuri
27780,Remember I Told You,"Nick Jonas ft Anne Marie, Mike Posner"
27793,Fall In Line,Christina Aguilera ft. Demi Lovato
27796,Don't Call Me Up,Mabel
27797,He Like That,Fifth Harmony
27801,In Love Alone,Dionne Warwick
28023,Bounce Back,Little Mix
28025,Love Someone,Lukas Graham
28032,No Guidance,Chris Brown feat Drake
28033,Imposible,KZ x Shanti Dope
28037,No Walls No Ceiling No Floors,Orsa Lia
28038,One More Time,Kenny G ft Chante Moore
28059,So Big,Iyaz
28101,Same Blood,Aloe Blacc
28106,Brown Skin Girl,Beyonce SAINt JHN Wizkid
28107,Beautiful People,Ed Sheeran feat Khalid
28116,Best Part Of Me,Ed Sheeran ft Yebba
28129,Patawad Paalam,Moira x I Belong To The Zoo
28131,Angel,Fifth Harmony
28166,I'll Remember You,Atlantic Starr
28181,Won't Be Late,"Swae Lee, Drake"
28184,Maria Maria,Carlos Santana
28185,Girls Need Love,Summer Walker with Drake
28200,Run Like The River,Meghan Trainor
28201,Circles,Post Malone
28206,I Wish,Stevie Wonder
28247,Whatchamacallit,"Ella Mai, Chris Brown"
28248,Hurt Me,Meghan Trainor
28262,Don't Check On Me,"Chris Brown Ft. Justine Bieber, Ink"
28277,Gone,Nelly ft. Kelly Rowland
28298,Naluluha Ako,Kim Molina
28299,Match Made In Heaven,Mohombi
28300,Wala Nang Kulang Pa,Moira de la Torre ft Sam Milby
28314,Binalewala,Michael Dutchi Libranda
28322,Zebbiana,Skusta Clee
28346,Paper Roses,Anita Bryant
28365,Easy,Camila Cabello
28384,Patron Tequila,Paradiso Girls
28389,Shameless,Camila Cabello
28404,Better,Khalid
28416,Forever,Claude Kelly
28428,Crawl,Chris Brown
28437,Living Proof,Camila Cabello
28439,Faith,Galantis & Dolly Parton ft Mr. Probz
28440,The Rain,K. Michelle
28441,Kung Maibabalik Ko Lang,Budakhel
28449,Miracle Nights,ALLMOST ft L.A.GOONS & Peso Mercado
28450,Roxanne,Arizona Zervas
28459,Yellow Hearts,Ant Saunders
28461,Up All Night,Khalid
28469,Pag-Ibig Sa Tabing Dagat,Orange & Lemons
28478,It's All In The Game,Tommy Edwards
28502,Done For Me,Charlie Puth ft. Kehlani
28505,Yummy,Justin Bieber
28519,My Oh My,Camila Cabello
28531,Put A Little Love On Me,Niall Horan
28534,One Night Only,Jennifer Hudson
28536,All I Want,Olivia Rodrigo
28543,Interlude,Timi Yuro
28553,Fools,Troye Sivan
28559,Heart React,ALLMOST
28562,First Man,Camila Cabello
28563,Indigo,Chris Brown
28569,Intentions,Justin Bieber ft. Quavo
28602,Worry About Me,Ellie Goulding
28608,Get Me,Justin Bieber ft Kehlani
28609,Habitual,Justin Bieber
28621,Don't Be Sad Cause Your Sun Is Down,James Taylor ft Stevie Wonder
28626,I Love Me,Demi Lovato
28635,Toxic,Kehlani
28641,Theres Something Special,Pharrell Williams
28652,Eleven,Khalid
28653,A No No,Mariah Carey
28664,Learning The Ways Of Love,Peabo Bryson
28671,Conversations In The Dark,John Legend
28683,Man,Jojo
28692,She Was Mine,Aj Rafael ft. Jesse Barrera
28725,Lost In Your Light,Dua Lipa ft. Miguel
28736,All My Love,Innervoices
28745,Stuck With U,"Justin Bieber, Ariana Grande"
28747,Say So,Doja Cat
28748,SoulMate,Justin Timberlake
28754,Love Struck,Boyz II Men
28757,Come Around Me,Justin Bieber
28771,Langit Lupa,Moira Feat.Inigo Pascual
28782,Put It All On Me,Ed Sheeran & Ella Mai
28804,Heaven On Earth,The Platters
28805,Where Is It I Belong,The Supremes
28811,100 Ways,Jackson Wang
28839,Question,Alex Aiono
28860,I Cry,Usher
28872,Underdog,Alicia Keys
28880,Discounts,CupcakKe
28889,Flame,Tinashe
28896,Never Break,John Legend
28905,Take Good Care Of You And Me,Dionne Warwick & Jeffrey Osborne
28908,Through The Test Of Time,Patti Austin
28918,Sa'yo,Southborder
28919,Locked Up,Akon
28926,Beautiful Scars,Max Millian
28929,Funny,Zedd and Jasmine Thompson
28946,Midsummer Madness,88Rising
28955,Tag-Ulan,Thyro and Yumi
28960,Go Crazy,"Chris Brown, Young Thug"
28966,Narito Pa Rin Ako,Janno Gibbs
28980,Before It Sinks In,Moira Dela Torre
28984,Sure Nite And Day,Al B
28994,Nobody's Love,Maroon 5
28996,Walking,Jackson Wang & Joji ft Swae Lee & Major Lazer
29012,Giving You Te Best That I Got,Anita Baker
29013,Win,Brian McKnight
29014,Still With You,Eric Benet Maxwell
29042,Breakdown,Mariah Carey
29047,My Heart Belongs To You,Peabo Bryson & Jim Brickman
29049,Expensive,Ty Dolla Sign ft. Nicki Minaj
29050,Never Keeping Secrets,Babyface
29054,If He Won't,Guy Sebastian
29075,Please Don't Go,Civil Eyes
29117,Die For You,The Weeknd
29120,Kasalanan Nga Ba,Thor
29121,Remember The Magic,Brian McKnight
29122,Dapat Pa Ba?,Darryl Ong
29127,In Common,Alicia Keys
29135,Umaasa,Skusta Clee
29142,Paubaya,Moira Dela Torre
29144,As Long As You Care,Ruel
29150,Smash Into You,Beyonce
29157,Teka Lang,EMMAN
29159,Changes,Justin Bieber
29181,"Baby, I'm Jealous",Bebe Rexha ft. Doja Cat
29182,I Will Always Love You,Chris Walker
29183,Damage,H.E.R
29193,At My Worst,Pink Sweats
29207,Someone's Always Saying Goodbye,Morisette
29214,Bagay Tayo,ALLMOST
29218,Better,ZAYN
29230,Out Of Love,Alessia Cara
29235,You Are My Home,Peabo Bryson & Linda Eder
29244,Higa,Arthur Nery
29260,Hold On,H.E.R.
29272,Spicy,Ty Dolla Sign feat Post Malone
29273,Love Looks Better,Alicia Keys
29303,Reservations For Two,Dionne Warwick & Kashif
29308,Lust For Life,Lana Del Rey ft. The Weeknd
29319,I Want You To Know,Zedd ft. Selena Gomez
29331,Helpless,Rhye
29332,Supalonely,BENEE ft Gus Dapperton
29336,Pajama Party,1096
29345,I Try,Macy Gray
29346,Say You Love Me,Patti Austin
29348,Drift Away,Dobie Gray
29355,Location Unknown,HONNE ft BEKA
29379,King Salu Mu Ima,Miriam Sandico
29407,Positions,Ariana Grande
29411,Bad Habits,Usher
29420,We Are Here,Alicia Keys
29421,34+35,"Ariana Grande ft. Doja Cat, Megan Thee Stallion"
29423,Leave The Door Open,"Bruno Mars, Anderson Paak"
29425,YOU AND ME,Marc E. Bassy
29429,I'm Every Woman,Chaka Khan
29432,La La Lost You,NIKI
29448,Lets Get It On,Marvin Gaye
29452,Monster,"Shawn Mendes, Justine Bieber"
29462,Sweet Thing,Chaka Khan & Rufus
29463,Nobody Knows,Tony Rich Project
29470,Whoops Now!,Janet Jackson
29499,Wings,Little Mix
29503,Find You,Zedd ft. Mattew Koma & Miriam Bryant
29505,Let Me Reintroduce Myself,Gwen Stefani
29515,Marupok,KZ Tandingan
29518,"Baby, I'm Jealous",Bebe Rexha ft. Doja Cat
29525,Each Time,East 17
29546,Grateful,Rita Ora
29549,We're Good,Dua Lipa
29550,As I Am,Justin Bieber  ft Khalid
29552,Ikaw Pa Rin,Katrina Velarde
29553,Can't Let You Go,Ali Gatie
29554,As You Are,The Weekend
29569,By Yourself,"Ty Dolla Sign ft. Bryson Tiller, Jhene Aiko"
29570,Uh Ah,Michael Pangilinan
29572,Vibez,Zayn
29575,Balang Araw,BuDaKhel
29577,Heartbreak Anniversary,Giveon
29578,Peaches,"Justin Bieber ft. Daniel Caesar, Giveon"
29581,Sexy Lady,MC Magic City ft Dj Kane
29583,Binibini,Zack Tabudlo
29597,Until You,Shayne Ward
29614,Way Too Long,Nathan Dawe x Anne-Marie x MoStack
29632,Feels,Tory Lanez ft. Chris Brown
29647,Sorry Not Sorry,"DJ Khaled ft. Nas, Jay-Z, James Fauntleroy and Harmonies By The"
29649,Streets,Doja Cat
29660,Lonely,Prettymuch
29662,What Other People Say,"Sam Fischer, Demi Lovato"
29673,Bed On Fire,Teddy Swims
29674,Tell Tale Signs,Melody S. Holt
29678,Urong Sulong,"Kiyo, Alisson Shore"
29685,Selfish,Nick Jonas
29722,Sasamahan Kita (Araw-Araw Ng Puso Part II),"Jom, Crakky"
29731,Sulyap,ALLMOST
29732,Back Together,Amorphous ft. Kehlani
29738,Kiss Me More,Doja Cat ft. SZA
29739,Heartbreak Anthem,"Galantis, David Guetta and Little Mix"
29740,Come Through,H.E.R. ft. Chris Brown
29749,Pahalik,ALLMOST ft. Curse One & Vlync
29762,Hangga't Maaari,JRoa x Flow G
29771,Nangangamba,Zack Tabudlo
29798,Ex Bestfriend,Aessa of 1DELACREW
29828,You Touched My Life,Gwen Guthrie
29831,No One Can Love You More,Menudo
29832,Sweet Sexy Thing,N.U. Flavor
29837,Dangerously In Love,Beyonce Knowles
29841,I Got You (I Feel Good),James Brown
29842,I Pledge My Love,Peaches & Herb
29843,It's Been You,Anita Baker
29844,Just The Two Of Us,Grover Washington Jr. ft. Bill Withers
29848,Rainy,Francis M.
29850,So Sorry,Brian McKnight
29852,Iyong Iyo,Zack Tabudlo
29853,Time After Time,INOJ
29876,Ghetto Supastar (That Is What You Are),Pras
29887,She Drives Me Crazy,Fine Young Cannibals
29898,Reckless,Madison Beer
29901,My First Broken Heart,Tracie Spencer
29917,Rain Or Shine,Five Star
29921,I Say A Little Prayer,Dionne Warwick
29925,Dumb Love,Mimi Webb
29927,Why Goodbye,Peabo Bryson
29932,I'll Be Around,The Spinners
29934,All Good,Mo Thugs
29946,Dip It Low,Christina Milian
29958,I Don't Do Drugs,Doja Cat ft. Ariana Grande
29959,What You Need,Don Toliver
29964,Be Your King,Matthaios
29968,Just To See Her,Smokey Robinson
29972,Take All The Love,Arthur Nery
29973,working,"Tate McRae, Khalid"
29974,Morning,Zara Larsson
29981,Apest,The Carters
29984,Cold Sweat,James Brown
29991,You Are My Lady,Freddie Jackson
29992,Get You In Our Love,Sister Sledge
29996,Cry Me A River,Justin Timberlake
38001,I Believe,Tata Young
38006,A Little Bit More,Freddie Jackson ft. Melba Moore
38010,Love on a Two Way Street,Stacy Lattisaw
38016,Like Real People Do,Hozier
38080,I Like That,Bazzi
38102,Love (Sweet Love),Little Mix
38105,Somebody's Watching Me,Rockwell
38120,It's A Man's Man's Man's World,James Brown
38122,Kasmala,Alamat
38123,Sa Panaginip,Katrina Velarde
38133,One Hundred Ways,Quincy Jones
38134,Pagsamo,Arthur Nery
38137,The Baddest,BGYO
38138,The Only One,Reyne(Cover)
38148,While You're Out@ Looking For Sugar,Joss Stone
38149,Pov,Ariana Grande
38158,EBEB,FLOW G
38161,Butterflies,MAX & Ali Gatie
38175,Don't Go Changing,Ylona Garcia
38179,Spend The Night,Earth Wind And Fire
38199,Nothing's Gonna Change My Love For You,George Benson
38200,Ililigtas Ka Niya,Gary Valenciano
38203,Binhi,Arthur Nery
38207,Don't Go,"Skrillex, Justin Bieber & Don Toliver"
38213,Family,"David Guetta (feat. Bebe Rexha, Ty Dolla "
38216,COMING HOME,HONNE ft. NIKI
38217,Hung Up,Arthur Nery
38222,Naghihintay,ALLMOST
38223,Phoenix,Morissette
38231,Bambi,Baekhyun
38240,Tomorow,STATION CHANYEOL
38248,"1 Step Forward, 3 Steps Back",Olivia Rodrigo
38257,Happy For You,Lukas Graham
38262,You've Lost That Lovin' Feeling,Daryl Hall
38284,Night Love,"Justin Bieber, Chris Brown"
38286,Wild Side,Normani ft. Cardi B
38296,Sunset,Demi Lovato
38298,Tawag Lang,JRoa
38305,Candyman,Zedd & Aloe Blacc & Grey
38308,Pangako,CLR x Jay R
38327,Angels On My Side,Rick Astley
38329,Tuloy Tuloy,Quest
38340,If I Knew,Bruno Mars
38370,Sweet Night,V
38385,Cloudy Day,Tones and I
38387,Dungaw,Adie
38396,Isa Lang,Arthur Nery
38406,Lowkey,Niki
38411,One Right Now,Post Malone and The Weeknd
38413,Pano,Zack Tabudlo
38422,This Is Heaven,Nick Jonas
38428,Yakap,Curse One and Vlync Of Breezy Boyz
38434,Ain't Shit,Doja Cat
38437,Kulay,BGYO
38440,Heaven,Pink Sweats
38445,What I Put You Through,Conor Maynard
38447,Boyz,Jesy Nelson ft Nicki Minaj
38450,Queendom,Red Velvet
38451,I Hate U,SZA
38456,Between Us,Little Mix
38457,Heartbreaker,Mariah Carey feat. Jay Z
38499,It's You,Sezairi
38505,Now And Forever,The Five Stars
38512,Beautiful,NCT 2O21
38513,Before 4:30 (She Said),Mew Suppasit & Sam Kim
38522,The Anonymous Ones,SZA
38536,Always You And I,98 Degrees
38556,Iffy,Chris Brown
38576,I Do,Natalie Cole & Freddie Jackson
38593,Prinsesa,Pop Girls
38594,Scenic Drive,"Khalid ft. Ari Lennox, Smino"
38599,Wait a Minute!,Willow Smith
38603,How Much I Feel,Ambrosia
38609,Palaging May Tayo,ALLMOST
38613,Picture Myself,Stephanie Poetri
38632,Bam Bam,Camila Cabello ft. Ed Sheeran
38641,Last Call,Khalid
38647,Heart Can't Lose,Zach Tabudlo
38654,Turn Your Love Around,George Benson
38659,Moonlight,Ali Gatie
38667,No Idea,Dan Toliver
38668,Attention,Omah Lay & Justin Bieber
38673,Die For A Man,Bebe Rexha
38681,911,Teddy Swims
38683,Honesty,Pink Sweats
38687,Sun and Moon,Anees
38692,Like That,Doja Cat ft. Gucci Mane
38723,Masaya Ako Sa'yo,Curse One
38730,Where I Stand,Mia Wray
38744,ANGOSTURA,keshi
38759,The Same Love,The Jets
38760,Ayaw Kong Mawalay Ka,Tootsie Guevarra
38767,Diwata,Sam Concepcion
38778,LOUD,Sofia Carson
38781,Tamis,Alisson Shore ft. GFAB
38786,Shake You Down,Gregory Abbott
38787,Rock Your Body,Justin Timberlake
38798,Do You Want My Love,Coco Lee
38818,Shoulda Woulda Coulda,Beverley Knight
38828,Once In A Lifetime,Craig David
38833,Wellerman,Nathan Evans
38844,CEBUANA,SOUTHVIBES ft. Kyle Zagado & Prince Ben
38861,Every Summertime,Niki
38870,As You Are,Zach Tabudlo
38877,Honest,Justin Bieber ft. Don Toliver
38881,Do You Remember,"Jay Sean ft. Sean Paul, Lil John"
38882,Love Me More,Sam Smith
38890,U GOT ME,ALLMOST
38894,Lie Again,Giveon
38903,Dime Girls,Alex Bruce
38908,Speak Up,Miquela
38911,No Stoppin Us,Charlie Wilson ft. Babyface
38912,How Could It Be,Eddie Murphy
38913,Minefields,Faouzia  John Legend
38916,Out of Time,The Weeknd
38920,Psychofreak,Camila Cabello ft Willow
38943,Love,Keyshia Cole
38954,All Night Parking,Adele
38958,Best Time,BGYO
38959,Blow,Jackson Wang
38968,Fantasy,Mariah Carey
38969,Glimpse Of Us,Joji
38971,Here We Go,4TH IMPACT
38980,Muli,Ace Banzuelo
38985,"RIP, Love",Faouzia
38988,Rush,Raveena
38990,This City,Sam Fischer
39002,You Let Me Down,Alessia Cara
39005,Eyes For You,Perkins
39008,ABKD,Alamat
39012,You're The Best Thing,The Style Council
39015,Don't Love Me,NeYo
39034,Bahaghari,Dionela
39046,Track Star,Mooski
39065,Anong Nangyari,Matthaios
39076,Dope,John Legend ft. JID
39104,Vibin,Ylona Garcia
39105,Want To,Dua Lipa
39107,Woman,Doja Cat
39110,Beautiful Lies,Yung Bleu & Kehlani
39114,No Love,Summer Walker
39115,Two Occasions,The Deele
39118,Moon,Nik Makino ft. Flow G
39121,Petty,Chris Brown
39122,FOREVER LOVE,"Suppasit Jongcheveevat, Bumkey"
39127,Good Love,City Girls ft. Usher
39144,Larawan,JRoa and Flow G
39168,Keep Me,Khalid
39174,Best Friends (Remix),"The Weeknd, Summer Walker"
39188,Make You Say,"Zedd, Maren Morris & Beauz"
39192,Risk It All,Yuna
39193,Smells Like Me,Charlie Puth
39210,Sunroof,"Nicky Youre, Dazy"
39224,Paris To Tokyo,Fivio Foreign & The Kid LAROI
39229,Like You Never See Me Again,Alicia Keys
39258,Beautiful Love (Free Fire),Justin Bieber
39260,Say U Love Me',ALAMAT
39261,Higher,Albert Posis
39263,"Bibitaw, aasa",Arthur Miguel
39270,Japanese Denim,Daniel Caesar
39276,Gabi,Rob Daniel
39284,Better Thangs,Ciara ft. Summer Walker
39301,Hard Out Here,RAYE
39302,Highly Strung,Spandau Ballet
39305,It Could Be Nice,Chet Faker
39306,JUMP,Ciara ft. Coast Contra
39312,Masiram,Just Hush ft. Paul Royale
39313,Mind Games,88rising & MILLI ft. Jackson Wang
39321,SUNSHINE,NSB
39329,Vibe Like This,"SG Lewis, Ty Dolla "
39331,Wish You Were Here,Lukas Graham ft. Khalid
39334,ASA,Jroa
39353,Satellite,Khalid
39375,KG,Nik Makino
39376,Dance With Me Tonight,Olly Murs
39383,Aswang',ALAMAT
39384,Backburner,NIKI
39391,Gumamela,Jireh Lim
39393,Ikaw,Arthur Miguel
39394,I'll Never Get Over You Getting Over Me,MYMP
39402,NVMD,Denise Julia
39405,Pag-ibig Nga Naman,Curse One x Aphryl Breezy
39408,Shirt,SZA
39411,Tricks,Shanti Dope
39415,I Don't Wanna Be Okay Without You,Charlie Burg
39416,Be With You,Akon
39417,Heaven,Bazzi
39420,Dangerous,Madison Beer
39422,Take Me Back,Zack Tabudlo ft. Yonnyboii
39425,Happy W U,Arthur Nery ft Jason Dhakal
39435,Dead,Sezairi ft. Young Cocoa
39440,Di Man,Arthur Miguel
39454,Sinta,Rob Deniel
39460,I Feel For You,Kyla
39464,YOU AGAINST YOURSELF,Ruel
39477,Dancing On Cars,Olly Murs
39478,Dati-Dati,Sarah Geronimo
39479,Dead To Me,DaniLeigh
39486,Kill Bill,SZA
39492,Maikee's Letters,Just Hush
39495,Not Alone (from Devotion),Joe Jonas & Khalid
39506,You,Jona
39507,True Colors,Zedd ft Kesha
39512,Innocence and Sadness,Dermot Kennedy
39524,Sanctuary,Joji
39561,Blame's On Me,Alexander Stewart
39564,Confessions Part II,Usher
39567,FIREBABE,STORMZY
39573,I Was Never There,The Weeknd
39575,Musika,Dionela
39597,Creepin,"Metro Booming, The Weeknd, 21 Savage"
39603,There'll Be Sad Songs To Make You Cry,Billy Ocean
39609,Don't Go,Rory ft. Pink Sweat
39610,Hide & Seek,Stormzy
39615,UNDERSTAND,Keshi
39620,Malayo,Ace Banzuelo
39626,Home Movies,Lukas Graham & Mickey Guyton
39638,Gimme,"Sam Smith, Koffee & Jessie Reyez"
39639,Girls Like Me Don't Cry,thuy
39640,Good Care,"HYBS, slchld, asiatic.wav"
39650,Sa Pinakamahirap,Juan Caoile
39660,Walk Out That Door,Ali Gatie
39662,Losing You,FLO
39667,You Only Love Me,Rita Ora
39668,Who We Love,"Sam Smith, Ed Sheeran"
39669,Fall In Love Alone,Stacey Ryan
39672,Trust Issues,Drake
39678,Give Me Your Forever,Zack Tabudlo
39701,Special,Lizzo ft. SZA
39708,Over Tonight,Stacey Ryan
39711,Alam,Sarah Geronimo ft. John Roa
39712,bayou,slchld
39714,Cardboard Box (Happi Remix),"FLO, Happi"
39721,I like U,NIKI
39723,Ice Cream Man,Raye
39725,Love is in the Air,Billy Crawford
39727,MANATILI,Alisson Shore
39739,Pinilit Kong Limutin Ka,Nina
39740,Sige Padayon,JRoa
39746,Old Love,Yuji ft. Putri Dahila
39748,Snooze,SZA
39753,See You Again,"Kali Uchis and Tyler, the Creator"
39780,Every Kind Of Way,H.E.R
39790,Red Ruby Da Sleeze,Nicki Minaj
39792,Spin Bout U,"Drake, 21 Savage"
39794,Under the Influence,Chris Brown
39797,Straight Up and Down,Bruno Mars
39801,Satisfied,Hamilton
39808,Wet the Bed,Chris Brown
39810,Collide,Justine Skye ft. Tyga
39817,Hype Boy,NewJeans
39818,But I Love,SISTAR
39820,Give It To Me,"Timbaland ft. Nelly Furtado, Justin Timberlake"
39843,Jericho,Iniko
39850,Let Me Go,Daniel Caesar
39852,Bodyguard Medley,Charice ft. David Foster
39857,Fly Girl,FLO ft Missy Elliot
39860,Kapalaran (Batang Quiapo OST),Gary Valenciano
39863,me,Kelly Clarkson
39865,N 2 Deep,Drake ft. Future
39868,Promiscuous,Timbaland ft. Nelly Furtado
39869,Psychic,Chris Brown ft. Jack Harlow
39870,SO WHAT,Boys World
39871,Softest Touch,Khalid
39878,Weak,Michael Pangilinan
39881,Terms and Condition,Mahalia
39884,Ribbon in the Sky,Stevie Wonder
39891,Acquainted,The Weeknd
39912,Remember,Jason Dhakal
39919,Moments,Pink Sweats
39921,Right My Wrongs,Jastin Martin
39928,Double Fantasy,The Weeknd ft.Future
39930,Favorite Song,Toosii & Khalid
39937,mine,Kelly Clarkson
39948,Say It,Tory Lanez
39949,Search & Rescue,Drake
39950,Slow,Jackson Wang & Ciara
39965,Bad For Me,Stacey Ryan
39968,ESKAPO,Loonie ft. John Roa
39987,Withdrawal,Austin Mahone
39991,goodbye & thank u,Kira Kosarin
39994,Better Than You,Lisa Keith
40005,We Understand Each Other,Lou Rawls
40007,Be The One,Bree Runway & Khalid
40012,Hanggang sa Huli,Alisson Shore
40013,How Soon,ASTN
40014,I WANT YOU,SB19
40017,missin u,Tori Kelly
40026,Tears And Souvenirs,Stylistics
40036,When Love Sucks,Jason Derulo ft. Dido
40044,Gusto,Zack Tabudlo ft. Al James
40050,GRL GVNG,XG
40053,Limbo,Keshi
40062,Party In The U.S.A.,Miley Cyrus
40067,Ok Sa Akin,The Rainmakers
40081,After The Storm,"Kali Uchis ft. Tyler, The Creator, Bootsy Collins"
40086,Storybook Girl,The Sylvers
40096,Cool With You,NewJeans
40099,Don't Think Twice,Rita Ora
40101,Fallin,Zack Tabudlo ft. Nasty C
40103,Favorite Song,Toosii
40104,Gonna Tell The World,The Miracles
40116,Nasa'king Damdamin,Arthur Nery
40119,Try Me,Jorja Smith
40120,I Choose You,Andy Grammer
40123,Silly Me,Jess Glynne
40125,Super Shy,NewJeans
40134,Shoong,TAEYANG feat. LISA
40136,Reminder,The Weeknd
40143,I'll Always Love You,Nina
40154,Chicken Little,Spencer Sutherland & Meghan Trainor
40161,Loyal Brave True,Christina Aguilera
40165,Bae You,"Jay R, Kris Lawrence, CLR"
40167,Body Count,Jason Derulo
40169,Coming Your Way,"Michael Brun, AnneMarie, Becky G"
40176,NEW DANCE,XG
40186,TGIF,XG
40199,Is There Someone Else,The Weeknd
40211,Innocence and Sadness,Dermot Kennedy
40213,Calling Your Name,Jon Batiste
40224,On The Wings Of Love,Jeffrey Osborne
40225,life with u,lullaboy
40237,Falling or flying,Jorja Smith
40241,OMG,NewJeans
40244,Paint The Town Red,Doja Cat
40249,Treading Water,Sarah Geronimo and Bamboo
40251,Water,Tyla
40254,logical,Olivia Rodrigo
40264,Sweet Relief,Madison Beer
40266,Last Time That I Saw You,Nicki Minaj
40269,Mosquito,PinkPantheress
40285,Sweet Sounds Of Heaven,The Rolling Stones ft. Lady Gaga & Stevie Wonder
40292,Broken Is The Man,Jorja Smith
40295,Elevate,Jeff Grecia
40296,Boyfriend,Usher
40298,Honey,Kehlani
40299,How We Roll,"Ciara, Chris Brown"
40303,Lil Boo Thang,Paul Russell
40305,Never Knew Love Like This Before,Stephanie Mills
40306,New Flame,Cris Brown
40309,Peanut Butter & Tears,DPR IAN
40313,Slime You Out,Drake ft. SZA
40315,We Go Down Together,"Dove Cameron, Khalid"
40318,Boogie Woogie Dancin Shoes,CLAUDJA BARRY
40331,Nothing Lasts Forever,Delilah Belle
40356,Dollhouse,The Weeknd & Lily-Rose Depp
40357,Doo Wop (That Thing),Lauryn Hill
40359,Forever,"Ciara, Lil Baby"
40364,Lihim,Arthur Miguel
40370,Sensational,Chris Brown
40372,Still Believe in Love,Mary J. Blige (feat. Vado)
40375,The Grudge,Olivia Rodrigo
40378,To. X,TAEYEON
40380,Truth or Dare,tyla
40391,Hard Feelings,Miquela
40392,ETA,NewJeans
40393,Link Up,Ne-Yo
40397,Pakundangan,Demi
40408,Angel,Halle
40416,Guilty,TAEMIN
40420,Lover/Friend,KAYTRANADA Rochelle Jordan
40425,Post To Be,Omarion ft. Chris Brown & Jhene Aiko
40427,She Loves Control,Camila Cabello
40428,Smoke,Victoria Monet ft. Lucky Daye
40429,Star Love,Cheryl Lynn
40441,The Journey,H.E.R.
40451,Praning,ALLMOST
40452,MAMACITA,Chase Atlantic
40457,Kursunada,Adie
40478,Good Good,"Usher, Summer Walker, 21 Savage"
40485,TOO MUCH,"The Kid LAROI, Jung Kook, Central Cee"
40488,THE WEEKEND,STORMZY & RAYE
40491,Mantrum,Boys World
40496,Mamma Knows Best,Jessie J
40499,B.A.D.,Denise Julia ft. P-Lo
40503,Makasariling Malambing,"Hev Abi, Kristina Dawn"
40507,"Yes, And?",Ariana Grande
40508,Faded,Illest Morena
40510,Laya,Flow G ft. Skusta Clee
40512,Parehas Tayo,Nateman
40514,You Can Buy Everything,SoMo
40520,Bad Woman,Paloma Faith
40526,Friend Of Mine,Jess Glynne
40532,Forever Was Never Enough,Peder Elias
40533,I Do,Renee Rapp
40535,Comfortable,Victor Ray
40544,Golden Child,Alicia Keys
40548,I'm Sorry,Ali Gatie
40556,Wherever U R,"MI, V (ft. V of BTS)"
40563,Hey Daddy (Daddy's Home),Usher
40565,Booty Wurk,T-Pain ft. Joey Galaxy
40566,Lackin,Denise Julia
40573,Ruin,Usher ft. Pheelz
40574,Ride For Me,KAYAM
40577,Nasayo,ALLMOST
40586,RomCom,Rob Deniel
40592,Dreamteam,Galantis x Neon Trees
40593,Enough,Jess Glynne
40594,Eternal Sunshine,Ariana Grande
40602,Me & U,Tems
40611,Ye Baby Boy,Burna Boy x Beyonce
40635,Sugar n' Spice,Denise Julia
40638,Different Kind Of Beautiful,Alec Benjamin
40641,16 CARRIAGES,Beyonce
40652,ART,Tyla
40658,Commas,Ayra Starr
40660,Doctor (Work It Out),"Pharrell Williams, Miley Cyrus"
40664,Hoodie,Dionela
40678,Selfish,Justin Timberlake
40681,That's You,Lucky Daye
40685,What I Am,ZAYN
40709,After Hours,Kehlani
40711,Backwards,Alexander Stewart
40716,Eyes Only For Me,Jay R & Regine Velasquez
40718,Here We Go (Uh Oh),Coco Jones
40720,I Hate Boys,G22
40725,MASC,Doja Cat ft. Teezo Touchdown
40730,No One There,Dionne Warwick
40734,Saturn,SZA
40735,Stardust,ZAYN
40745,Ways To Go,Alec Benjamin ft. Khalid
40750,Thing U Do,Tori Kelly
40753,Incomplete,Michael Pangilinan
40779,Chanel No.5,Camila Cabello
40780,Cheat,Mahalia ft. JoJo
40782,GIRLS,The Kid LAROI
40784,Lagi,"Clien, Jom ft. AA & Kxle"
40794,The Door,Teddy Swims
40797,Too Sweet,Hozier
40800,Ask & You Shall Receive,Rita Ora
40817,Lose Control,Teddy Swims
40821,Things You Said,Cody Fry ft. Moira Dela Torre
40840,Boyfriend,ALLMOST
40841,Crash,Kehlani
40844,Feel Something,Chris Brown
40849,Popular,"The Weeknd, Madonna, Playboi Carti"
40852,Say,keshi
40858,High Score,Flow G
40870,Sinungaling,Matthaios
40877,Sining,Dionela ft. Jay R
40878,Hammer To The Heart,Teddy Swims
40879,In the Night,Childish Gambino ft. Jorja Smith & Amaarae
40883,Antidote,Guy Sebastian ft. Sam Fischer
40892,Angel Numbers / Ten Toes,Chris Brown
40902,Funeral,Teddy Swims
40904,Good Together,Lake Street Dive
40905,Halfway There,Victor Ray
40907,HOT UPTOWN,Camila Cabello ft. Drake
40917,No Question,"Tyga, Sabrina Claudio"
40919,Please Don't Fall In Love With Me,Khalid
40921,Rush Of Blood,Rag'n'Bone Man
40924,Sorry Ain't Enough,Michael Gerow
40930,Witness Me,"Jacob Collier ft. Shawn Mendes, Stormzy & Kirk Franklin"
40935,Slippin',Paul Russell ft Meghan Trainor
40952,No Gravity,Zedd ft. Bava
40957,Ditto,NewJeans
40972,Medyo Crazy,"Robledo Timido ft. Cozyivy, Dyco"
40979,Dirty,"Jessie Murph, Teddy Swims"
40983,Kiss Kiss,Chris Brown ft. T Pain
40991,Sure Thing,Miguel
40993,Nasty,Tinashe
40995,Curious,UNIS
40996,You Make Me Wanna,Usher
40997,SOS (Sex on Sight),Victoria Monet ft. Usher 
41008,LAMBALAK,MC Einstein X Kyla
41009,The Baddest,Muni Long
41036,Some Things I'll Never Know,Teddy Swims
41039,T-shirt,Shontelle
41054,Don't Stop 'Til You Get Enough,Michael Jackson
41056,How Sweet,NewJeans
41069,Letter X,ALLMOST
41071,Dead Man,Alessia Cara
41075,sweet nothings,Denise Julia ft. Jay R
41076,Marilag,Dionela
41085,Coffee,Pink Sweats
41090,Bad Dreams,Teddy Swims
41091,the cutest pair,Regina Song
41092,Tears,Tyla
41093,Always Time,Miguel
41096,Drown,Justin Timberlake
41103,"LOVE, MONEY, FAME",SEVENTEEN ft. DJ Khaled
41116,Residuals,Chris Brown
41132,balik,Dom Guyot ft. Adie
41135,Loving You,Jorja Smith
41139,Happy Ending,Rob Deniel
41147,Drive,SZA
41152,Gorgeous,Snoop Dogg ft. Jhene Aiko
41159,Ligaw Na Bullet,Skusta Clee Ft. Denise Laurel
41163,Never Be Yours,Kali Uchis
41167,Oksihina,Dionela
41170,Porcelain,JoJo
41171,SLOW IT DOWN,"The Kid LAROI, Quavo"
41173,Timeless,"The Weeknd, Playboi Carti"
41179,Body & Soul,Jason Dhakal & LUSTBASS
41188,Best Friend,Jason Chen
41191,Little Things,Ella Mai
41192,Sa 'Yo Pa Rin Uuwi,ALAMAT
41194,Maharot,ALLMOST
41195,Andito Lang,BGYO
41203,Soft Spot,keshi
41210,BMF,SZA
41227,Heart Of A Woman,Summer Walker
41229,I Had A Choice,Sun
41231,Make It Up To You,"Khalid, Ayra Starr"
41232,Oscar Winning Tears,Raye
41248,Bump N' Grind,R. Kelly
41251,You,Chase Atlantic
41255,Mahal,Dilaw
41258,Keep Me Satisfied,Jungle
41263,bottomline,Tori Kelly ft. JoJo
41274,Open arms,SZA
41276,Ready,ASTN
41281,Shadowboxing,Tom Grennan
41282,Snake,Nora Fatehi & Jason Derulo
41286,Slow Motion,Alessia Cara
41294,Head Down,Cher Lloyd
41298,Cry For Me,The Weeknd
41301,Inside Out,keshi
41303,Boy In Love,Elliot James Reay
41305,PNYT,Nobita x Flow G
41313,I Think They Call This Love,Eliot James Reay
41317,Hope,James Bay
41331,30 For 30,SZA feat. Kendrick Lamar
41340,Gigil,BGYO
41343,Joni,SZA ft. Don Toliver
41348,TWENTIES,GIVEON
41354,Waiting For You,Ali Gatie
41358,Pakiusap Lang,Josh Cullen
41365,SUMAYA,JOSH CULLEN
41370,Bodies,Keshi
41373,Miss Miss,Rob Deniel
41380,I Choose You,keshi
41383,Missin You Crazy,Russ
41392,Foolish,Arthur Nery
41395,Hirang,Daryl Ong & Kyla
41396,I Miss You,"SABAI, Somna & RUNN"
41398,Left right,xg
41401,Run Through Fire,Pink Sweat
41404,ur man,Jason Dhakal
41408,Nagmamahal Lang Ako,KZ Tandingan
41411,Pinagtagpo,Alisson Shore
41415,Crashing,d4vd & Kali Uchis
41419,Yoko Na,JOSH CULLEN & Al James
41420,Hearts Break and People Change,Victor Ray
41429,Diyan Ka Lang,BINI
41432,Live Without Your Love,Windjammer
41433,What More Can I Say,Gary Valenciano
41434,Miss Pakipot,Adie
41437,Fire,Alessia Cara
41445,I Just Wanna Hang Around You,George Benson
41446,Texas,keshi
41447,FALLIN',Leroy Sanchez
41450,Tsunami,NIKI
41453,Straight From The Heart,Con Funk Shun
41461,Because Of You,Johnny Gil
41471,Makasama Sandali,"Robledo Timido, Elhe"
41476,No Secrets,Jessie J
41481,Time,SB19
41483,Worst of Me,Cynthia Erivo
41510,Sparkle,Jesse Barrera
41511,PSILOCYBIN & DAISIES,Jessie Reyez
41513,Drew Barrymore,SZA
41516,Give It Up,"Victorious Cast ft. Elizabeth Gillies, Ariana Grande"
41522,Happy Day,Yemi Alade
41524,Here We Go Again,Sofia Camara
41540,please you,Jae K
41550,para pilitin ka,Jikamarie ft. Skusta Clee
41555,Di Mawari,"Patrick Hizon, Yden"
41560,Lost Man,Ash Minor
41576,Beanie,Chezile
41578,"You're My Love, You're My Life",Patty Ryan
41579,Grand Piano,Niki Minaj
41581,You,George Duke
41592,Without You,Lexnour
41595,Obsessed With Me,Prettyboy Russell
41597,Back and Forth,Halle
41599,Drive,The Weeknd
41600,Ecstasy,Ciara
41608,Lay,William Singe
41609,SOS,Craig David
41613,Bad Chem,Sabrina Carpenter
41628,Folded,Kehlani
41649,Chest Pain (I Love),Malcom Todd
41653,Nagmamahal Lang Ako,KZ TANDINGAN
41658,Overjoyed,Devin Velez
41668,Confidence,Asia Holiday
41671,All The Love,Ayra Starr
41672,Don't Let Me Drown,Burna Boy
41675,STRANGERS,GIVEON
41677,How You Feel,Aubrey Caraan
41693,Giliw Ko,corn
41698,IS IT,Tyla
41704,Commitment,Craig David and Tiwa Savage
41705,Gotchu,Flow G
41709,I'm a Flirt (Remix),R. Kelly
41711,NOKIA,PARTYNEXTDOOR & Drake
41712,Woes of the World,Saba and No ID
41713,Fine Shyt,VEDO
41739,Sweetness,Elliot James Reay
41745,THOUGHT YOU WERE THE ONE,Tommy Richman
41747,ALL I CAN TAKE,Justin Bieber
41748,Bed of Roses,Teyana Taylor ft. Issa Rae
41759,I CAN TELL,GIVEON
41762,Somebody Loves Me,Drake
41763,how do you dance,yung kai
41772,Free,Rumi & JINU
41775,Burning Blue,Mariah the Scientist
41784,Di Nakakasawa,Arthur Nery
41793,Ikaw sana,Rob Deniel
41796,Bumalik Ka Sa'kin,jikamarie & Skusta Clee
41809,Pakita Mo Sa Akin,Jay R & Illest Morena
41810,Palayo Sa Mundo,"Jolianne, Arthur Nery"
41811,Penny Lover,Lionel Richie
41818,Take A Chance With Me,NIKI
41821,Walls,Yumi Lacsamana & Soc Villanueva
41826,You4Me,Tiwa Savage
41829,Best Friend,Jason Chen
41829,Best Friend,Jason Chen
41831,Take Me Dancing,Doja Cat ft. SZA
41831,Take Me Dancing,Doja Cat ft. SZA
41842,In Another World,EJAE
41842,In Another World,EJAE
41850,The crying game,Nicki Minaj and Jessie Ware
41850,The crying game,Nicki Minaj and Jessie Ware
41851,Bliss,Tyla
41851,Bliss,Tyla
41853,FWU,Don Toliver
41853,FWU,Don Toliver
41855,IRL,Lizzo ft. Zsa
41855,IRL,Lizzo ft. Zsa
41856,Is It a Crime,"Mariah the Scientist, Kali Uchis"
41856,Is It a Crime,"Mariah the Scientist, Kali Uchis"
41857,Need To Know,Doja Cat
41857,Need To Know,Doja Cat
41859,Tell Ur Girlfriend,Lay Bankz
41859,Tell Ur Girlfriend,Lay Bankz
41864,WONDERING,BamBam
41864,WONDERING,BamBam
41876,"Segundo, Siguro",Arthur Nery
41876,"Segundo, Siguro",Arthur Nery
41877,Aloe Vera,BGYO
41877,Aloe Vera,BGYO
41901,Stranger,Doja Cat
41906,"You're A Liar, You Love Me",Cil
41906,"You're A Liar, You Love Me",Cil
41928,Head Down,Cher Lloyd
41937,Grandma Calls The Boy Bad News,RAYE
41946,Open Hearts,The Weeknd
41953,Messy,Lola Young
41966,Maharani,ALAMAT
41969,Nandito Ako,Rob Deniel
41988,the boy is mine,Ariana Grande
41998,Always,Daniel Caesar
42000,Beautiful Love,Amber Natasha
42001,PALAGI,TJxKZ
42004,Sapphire,Ed Sheeran
42008,Memories We'll Never Make,Michael Minelli
42010,So Easy (To Fall In Love),Olivia Dean
42012,Taste,Coco Jones
42014,Worst behaviour,kwn ft. Kehlani
42022,ILAW,SB19
42037,Man I Need,Olivia Dean
