27,Could It Be Magic,Barry Manilow
44,She's Out Of My Life,Michael Jackson
49,Woman,John Lennon
54,Said I Love You. But I Lied,Michael Bolton
64,HE AIN'T HEAVY HE'S MY BROTHER,Hollies
65,I Won't Last A Day Without You,Carpenters
76,Tayong Dalawa,Rey Valera
77,I've Gotta Get A Message To You,Bee Gees
80,25 Minutes,Michael Learns To Rock
85,No More Rhyme,Debbie Gibson
88,A Horse With No Name,Daryll Hall
102,Kasalanan,Orient Pearl
129,Bakit Ba?,Siakol
144,Tayong Dalawa,Rey Valera
147,How Can You Mend,Bee Gees
148,I'VE GOTTA GET A MESSAGE TO YOU,BEE GEES
165,Raindrops Keeps Fallin' On My Head,J. Thomas
169,Have I Told You Lately,Rod Stewart
170,I Just Can't Stop Loving You,Michael Jackson
217,I'M NOT IN LOVE,10CC
226,Foolish Heart,Steve Perry
229,Love,John Lennon
234,Parting Time,Rockstar
252,If You Asked Me To,Celine Dion
276,Straight From The Heart,Bryan Adams
280,Jealous Guy,John Lennon
288,Do I Have To Say The Words,Bryan Adams
291,Oh My Love,John Lennon
292,Never Thought,Dan Hill
293,Send Me Your Pillow,Jolina Magdangal
310,IT HURTS ME MORE,ROCKSTAR 2
315,Aking Minahal,Rockstar 2
326,Mahal Kita Alam Mo Ba,Rockstar
331,For The First Time,Kenny Loggins
336,Dream On,Aerosmith
346,ALL BY MYSELF,Eric Carmen
349,Skyline Pigeon,Elton John
350,So Far Away,Carole King
371,Love Hurts,Nazareth
379,Three Times A Lady,Lionel Richie
382,Green Green Grass Of Home,Tom Jones
389,LET IT GROW,ERIC CLAPTON
410,Every Breath You Take,The Police
415,I Write The Songs,Barry Manilow
462,ALL FOR LOVE,"BRYAN ADAMS,ROD STEWART & STING"
480,Tayong Dalawa,Rey Valera
482,Mahal Pa Rin Kita,Rockstar
491,You Don't Love Me Anymore,Weird Al Yankovic
501,For All We Know,Carpenters
547,All My Life,America
551,RUN TO ME,BEE GEES
553,If You Walked Away,David Pomeranz
561,I Need You,America
562,PUSSYWILLOWS CATTAILS,KENNY RANKIN
563,In The Morning,The Bee Gees
569,Ride Like The Wind,Christopher Cross
570,If I Ever Loose My Faith..,Sting
572,RADIO GA GA,QUEEN
589,HURTING EACH OTHER,CARPENTERS
593,Arthur's Theme,Christopher Cross
610,Aubrey,Bread
621,Sometimes When We Touch,Dan Hill
636,It Must Have Been Love,Roxette
657,Muntik Ng Maabot Ang Langit,True Faith
663,SEPTEMBER MORN',NEIL DIAMOND
665,Never Let Her Slip Away,Andew Gold
695,When The Girl,Cliff Richardson
696,WIND ME UP (LET ME GO),CLIFF RICHARD
703,Danny's Song,Loggins & Messina
706,How Sweet It Is (To Be Loved By You),James Taylor
707,I AM WOMAN,HELEN REDDY
719,You're The Inspiration,Chicago
720,The Actor,Michael Learns To Rock
733,NO SON OF MINE,GENESIS
738,Back For Good,Take That
753,SOMEBODY TO LOVE,QUEEN
786,On And On,Stephen Bishop
804,BLUE BAYOU,LINDA RONSTADT
845,Garden Party,Ricky Nelson
854,Be Still My Beating Heart,J.  Bernardo
864,For The Peace Of All Mankind,Albert Hammond
868,I've Got My Mind Set On You,George Harrison
874,I Want To Know What Love Is,Foreigner
882,Living Next Door To Alice,Smokie
884,LITTLE WING,STING
891,Nothing's Gonna Stop Us Now,Starship
905,Put Your Head On My Shoulder,Paul Anka
915,Still Loving You,Scorpions
921,Up Where We Belong,Joe Cocker
924,HAVE YOU EVER BEEN MELLOW,OLIVIA NEWTON JOHN
926,If You Leave Me Now,Chicago
958,That's Why You Go,Michael Learns To Rock
961,Trying To Get That Feeling,Barry Manilow
963,YOU'RE THE ONE,THE CARPENTERS
965,WILL OF THE WIND,Jim Photoglo
975,Miss You In A Heartbeat,Def Leppard
977,It's Too Late,Carol King
979,I Made It Through The Rain,Barry Manilow
981,MUSKRAT LOVE,AMERICA
983,Suddenly,Olivia Newton-John and Cliff Richard
1014,How Do You keep The Music Playing,James Ingram and Patti Austin
1028,You Are Not Alone,Michael Jackson
1034,SHARING THE NIGHT..,DR. HOOK
1110,Pagsubok,Orient Pearl
1242,Show Me A Smile,Apo
1310,Muntik Ng Maabot Ang Langit,True Faith
1324,We've Only Just Begun,Carpenters
1329,Bato Sa Buhangin,Cinderella
1343,End Of The World,Carpenters
1346,Fields Of Gold,Sting
1348,Fixing A Broken Heart,Indecent Obsession
1386,Ocean Deep,Cliff Richard
1425,You Were There,Southern Sons
1442,Merry Christmas Darling,The Carpenters
1450,Rosanna,ToTo
1481,Don't Wanna Lose You,Gloria Estefan
1486,Fallen,Lauren Wood
1489,Heaven,Bryan Adams
1491,Here We Are,Gloria Estefan
1511,New Kid In Town,Eagles
1513,No Arms Can Ever Hold You,Chris Norman
1517,Out Of The Blue,Michael Learns To Rock
1527,Take It To The Limit,Eagles
1529,It's Sad To Belong,Englang Dan & John Ford Coley
1531,YOU'RE ALWAYS ON MY MIND,GALLERY
1533,Wind Of Change,Scorpions
1534,Huwag Na Lang Kaya,True Faith
1538,I WON'T HOLD YOU BACK,TOTO
1559,Somewhere Down The Road,Barry Manilow
1574,All Apologies,Nirvana
1576,Complicated Heart,MLTR
1580,It's A Heartache,Bonnie Tyler
1592,Mandy,Barry Manilow
1596,Muntik Nang Maabot Ang Langit,True Faith
1611,Sleeping Child,Michael Learns To Rock
1625,Babe,Styx
1639,You're My World,Helen Reddy
1641,EVEN NOW,BARRY MANILOW
1651,GOODBYE TO LOVE,THE CARPENTERS
1653,Roses Are Red,Bobby Vinton
1663,Where Are You Now,Jimmy Harnen
1668,I Wanna Dance,MLTR
1670,SOMETHING RIGHT,MLTR
1678,Stairway To Heaven,Led Zeppelin
1681,ODE TO MY FAMILY,THE CRANBERRIES
1690,I've Been Away Too Long,George Baker Selection
1693,I'm Gonna Come Back,MLTR
1694,CRAZY IN LOVE,KIM CARNES
1696,THESE DREAMS,HEART
1706,LOVE WILL KEEP US,EAGLES
1707,LOST IN YOUR EYES,DEBBIE GIBSON
1711,Could It Be Magic,Barry Manilow
1714,RAINY DAYS AND MONDAYS,CARPENTERS
1719,NOW AND FOREVER,RICHARD MARX
1721,You Are My Destiny,Paul Anka
1736,LINGER,THE CRANBERRIES
1757,Chuwariwap,Gee Girls
1775,Maniwala Ka Sana,Parokya Ni Edgar
1816,Because Of You,Paolo Santos
2543,Beauty and the Beast,Peabo Bryson & Celine Dion
2546,Careless Whisper,George Michael
2548,Casablanca,Bertie Higgins
2552,Crazy Love,Paul Anka
2557,Dust In The Wind,Kansas
2563,Feelings,Morris Albert
2572,The Green Green Grass Of Home,Tom Jones
2574,Hard To Say I'm Sorry,Chicago
2581,Hotel California,Eagles
2585,I've Been Away Too Long,George Baker Selection
2587,Imagine,John Lennon
2599,Love,John Lennon
2616,Raindrops Keeps Fallin' On My Head,J. Thomas
2618,YOU NEEDED ME,ANNE MURRAY
2619,Sailing,Rod Stewart
2621,SING,THE CARPENTERS
2626,Something,The Beatles
2639,THIS MASQUERADE,LEON RUSSELL
2640,Tears In Heaven,Eric Clapton
2644,You Light Up My Life,Debbie Boone
2647,Wonderful Tonight,Eric Clapton
2649,Yesterday Once More,Carpenters
2650,Woman In Love,Barbra Streisand
2654,HOW CAN I TELL HER,LOBO
2655,I'd Love You To Want Me,Lobo
2668,Hello,Lionel Richie
2670,ONLY YESTERDAY,CARPENTERS
2673,Superstar,Carpenters
2674,Delilah,Tom Jones
2677,Right Here Waiting,Richard Marx
2680,MIDNIGHT LADY,CHRIS NORMAN
2686,Top Of The World,Carpenters
2688,IF,BREAD
2689,NOTHING'S GONNA STOP US NOW,Starship
2692,Paloma Blanca,George Baker
2695,Nothing's Gonna Change My Love For You,Glenn Medeiros
2699,I Started A Joke,Bee Gees
2708,Mister Lonely,Bobby Vinton
2716,Alone Again,Gilbert O'Sullivan
2730,NEEDLES AND PINS,Smokie Robinson
2737,When I Need You,Albert Hammond
2738,We're All Alone,Boz Scaggs
2739,ONE MORE NIGHT,PHIL COLLINS
2743,Too Much Heaven,Bee Gees
2744,To All The Girls I've Loved Before,Julio Iglesias ft Willie Nelson
2745,Do That To Me One More Time,Captain & Tennille
2749,ETERNAL FLAME,BANGLES
2750,IT'S SO EASY,LINDA RONSTADT
2751,ALL OUT OF LOVE,AIR SUPPLY
2754,Another Day In Paradise,Phil Collins
2780,Soldier Of Fortune,Deep Purple
2788,It Might Be You,Stephen Bishop
2801,NOBODY DOES IT BETTER,CARLY SIMON
2809,Puppy Love,Paul Anka
2812,You've Got A Friend,Carole King/James Taylor
2815,I Don't Wanna Talk About It,Rod Stewart
2818,Why,Carole King
2824,I Just Died In Your Arms Tonight,Cutting Crew
2827,HE AIN'T HEAVY HE'S MY BROTHER,HOLLIES
2828,Stuck On You,Lionel Richie
2830,I Can't Tell You Why,Eagles
2836,NIKITA,ELTON JOHN
2839,Daniel,Elton John
2840,How Deep Is Your Love,Bee Gees
2841,Your Song,Elton John
2842,No More Lonely Nights,Paul McCartney
2848,How Am I Supposed To Live Without You,Michael Bolton
2850,I JUST CAN'T STOP LOVING YOU,MICHAEL JACKSON
2851,Everything I Own,Bread
2861,Baby I'm a Want You,Bread
2866,My Love,Paul McCartney
2887,RELEASE ME,WILSON PHILIPS
2895,Will You Still Love Me Tomorrow,Carole King
2915,Nice To Be With You,Gallery
2916,Do It Again,Steely Dan
2955,DIARY,BREAD
2994,Solitaire,Carpenters
3008,We Don't Talk Anymore,Cliff Richard
3011,Hooked On A Feeling,BJ Thomas
3017,Make It With You,Bread
3034,A Horse With No Name,Daryll Hall
3035,A WORD IN SPANISH,ELTON JOHN & BERNIE TAUPIN
3039,AFRICA,TOTO
3044,ALL BY MYSELF,ERIC CARMEN
3049,Always Somewhere,Scorpions
3068,Best Of My Love,Eagles
3091,Cycles,Frank Sinatra
3097,DIARY,BREAD
3111,Every Woman In the World,Air Supply
3112,Every Woman In the World,Air Supply
3139,Harana,Parokya Ni Edgar
3142,Have You Ever Really Loved A Woman,Bryan Adams
3150,HURTING EACH OTHER,CARPENTERS
3160,I Need You,America
3164,I Need You,America
3169,I Won't Last A Day Without You,Carpenters
3172,I'm Sorry My Love,Rockstar 2
3177,It Don't Matter To Me,Bread
3180,It's Going To Take Sometime,Carpenters
3200,Love Will Lead You Back,Taylor Dayne
3206,Mandy,Barry Manilow
3228,Paint My Love,Michael Learns To Rock
3232,Perfect,True Faith
3246,She's Like The Wind,Patrick Swayze
3252,Sister Golden Hair,America
3287,Ventura Highway,America
3297,You're Still The One,Shania Twain
3307,74-75,The Connels
3321,ANGIE,ROLLING STONES
3326,A Whole New World,Peabo Bryson and Celine Dion
3341,Bette Davis Eyes,Kim Carnes
3363,It Never Rains In Southern California,Albert Hammond
3383,The Promise You Made,Cock Robin
3402,Do You Remeber,Phil Collins
3410,Total Eclipse Of The Heart,Bonnie Tyler
3416,Everything I Do I Do It For You,Bryan Adams
3420,Faithfully,Journey
3423,Feelings,Morris Albert
3427,Fading Like A Flower,Roxette
3431,Fragile,Sting
3433,FRIENDS WILL BE FRIENDS,QUEEN
3451,Guitar Man,Bread
3454,Gypsy,Stevie Nicks
3504,Killer Queen,Queen
3514,Love Hurts,Nazareth
3522,THE LONG RUN,EAGLES
3525,Lost Without Your Love,Bread
3593,Rikki Don't Loose That Number,Steely Dan
3596,Rocket Man,Elton John
3606,Sara,Steve Nicks
3616,The Show Must Go On,Queen
3642,SUPERSTAR,THE CARPENTERS
3682,Under The Bridge,Red Hot Chili Peppers
3708,Who Wants To Live Forever,Queen
3709,Why Worry,Dire Straits
3712,Wish You Were Here,Pink Floyd
3722,The Year Of The Cat,Al Steward
3730,You've Got A Friend,Carole King
3751,Ulan,Rivermaya
3771,Be Still My Beating Heart,J.  Bernardo
3875,i'LL MEET YOU AT MIDNIGHT,SMOKIE
3933,Love Of My Life,Queen
3941,Making Love Out Of Nothing At All,Air Supply
3958,Mexican Girl,Smokie
3998,ONLY SIXTEEN,Dr. Hook
4013,Please Forgive Me,Bryan Adams
4038,REFLECTIONS OF MY LIFE,Marmalade
4095,Starting Over,John Lennon
4122,The Lady In Red,Chris Deburgh
4155,Waiting For A Girl Like You,Foreigner
4175,WHO'S CRYIN' NOW,JOURNEY
4188,Careless Whisper,George Michael
4194,Don't Let The Sun Go Down On Me,ELTON JOHN
4205,Hello,Lionel Richie
4209,I Need You,America
4212,IF,BREAD
4226,LET ME BE THE ONE,CARPENTERS
4234,PRAYING FOR TIME,GEORGE MICHAEL
4238,SANDMAN,AMERICA
4256,CRASH BOOM BANG,ROXETTE
4292,You're Still The One,Shania Twain
4297,ETERNAL FLAME,BANGLES
4305,Miss You Like Crazy,Moffats
4315,What Can I Do,The Corrs
4317,I Knew I Love You,Savage Garden
4319,Iris,Goo Goo Dolls
4325,How Am I Supposed To Live Without You,Michael Bolton
4329,Please Forgive Me,Bryan Adams
4332,You Are Not Alone,Michael Jackson
4341,Swear It Again,Westlife
4347,If You Leave Me Now,Chicago
4350,IF,BREAD
4351,Diary,Bread
4353,Hard To Say I'm Sorry,Chicago
4364,Love Will Keep Us Alive,Eagles
4367,All By Myself,Celine Dion
4370,RUNAWAY,THE CORRS
4373,Everything I do..,Bryan Adams
4376,I JUST CAN'T STOP LOVING YOU,MICHAEL JACKSON
4397,A Very Special Love Song,Charlie Rich
4400,Adia,Sarah McLachlan
4404,All I Want Is You,Carly Simon
4411,Angels,Robbie Williams
4457,I FINALLY FOUND SOMEONE,ADAMS & STREISAND
4498,Here I Am,Air Supply
4523,I Don't Wanna Miss A Thing,Aerosmith
4540,I'll Be Over You,Toto
4551,If I Let You Go,Westlife
4559,Immortality,Celine Dion
4562,It's All Coming Back To Me Now,Celine Dion
4752,SPOOKY,Classics IV
4801,The One that You Love,Air Supply
4827,Think Twice,Celine Dion
4836,Traces,Johnny Mathis
4898,YOU AND ME,ALICE COOPER
4962,Kung Okey Lang Sa Yo,True Faith
4977,Flying Without Wings,Westlife
5032,Casablanca,Bertie Higgins
5035,The Lady In Red,Chris De Burgh
5059,Nag-iisang Ikaw,Louie Heredia
5078,Words,Bee Gees
5094,I've Been Away Too Long,George Baker Selection
5106,Immortality,Celine Dion
5123,BAKIT BA GANYAN,Dina Bonevie
5136,Cry In The Rain,Orient Pearl
5144,Halaga,Parokya Ni Edgar
5168,Love Is All That Matters,Eric Carmen
5184,My Love,Westlife
5247,I'LL NEVER FALL IN LOVE AGAIN,TOM JONES
5253,I Never Cry,Alice Cooper
5268,Maybe This Time,Michael Murphy
5269,Miles Away,Colin Blunstone
5299,If Ever You're In My Arms Again,Peabo Bryson
5320,Sandy,Carpenters
5337,Love Me For What I Am,The Carpenters
5345,Bakit Ba Ganyan,Dina Bonnevie
5360,For Baby,Donna Cruz
5364,HAZARD,RICHARD MARX
5367,JUST A SONG BEFORE I GO,Crosby Still
5391,NO ONE CAN,MARILLION
5408,WE HAVE NO SECRETS,CARLY SIMON
5429,Send Me An Angel,Scorpions
5435,Again,Lenny Kravitz
5439,BAKIT,ROCKSTAR 2
5443,I DON'T WANNA WAIT,PAULA COLE
5449,If You're Gone,Matchbox
5453,It's Time To Cry,Paul Anka
5474,When The Smoke Is Going Down,Scorpions
5477,You And Me Against The World,Helen Reddy
5487,Cool Change,Little River Band
5517,Sa Langit,Moonstar 88
5526,Torete,Moonstar 88
5538,All The Love In The World,The Corrs
5554,AFTERNOON DELIGHT,STARLAND VOCAL BAND
5572,BUHAT,Rico Puno
5575,CAN FIND NO REASON,LOUIE HEREDIA
5601,INAMORATA,VICTOR WOOD
5651,Superman,Five For Fighting
5686,HIMALA,RIVERMAYA
5780,Sharing The Night Together,Dr. Hook
5790,AFTERNOON DELIGHT,STARLAND VOCAL BAND
5801,(I'VE HAD) THE TIME OF MY LIFE,DIRTY DANCING THEME
5822,I'll Never Go,Nexxus
5836,NANG SIYA'Y MAWALAY,ROCKSTAR 2
5844,QUEEN OF MY HEART,WESTLIFE
5857,Soledad,Westlife
5872,214,Rivermaya
5878,Heart To Heart,Kenny Loggins
5912,You're In Love,Wilson Philips
5965,Himala,Rivermaya
6004,SA MATA MAKIKITA,ROEL CORTEZ
6010,SHE BELIEVES IN ME,KENNY ROGERS
6017,Sweet Surrender,Bread
6025,THE WAY YOU MAKE ME FEEL,RONAN KEATING
6115,I Honestly Love You,Olivia Newton John
6155,HURTING EACH OTHER,CARPENTERS
6160,A WORD IN SPANISH,ELTON JOHN & BERNIE TAUPIN
6167,Baby What A Big Surprise,Chicago
6169,Bad Habbits,Billy Fields
6187,DIDN'T I,CARLY SIMON
6191,DOES MY HEART BEAT NOW,CELINE DION
6206,HELLO IT'S ME,TODD RUNDGREN
6239,The Last Resort,Eagles
6245,LONESOME LOSER,LITTLE RIVER BAND
6290,NO TELL LOVER,CHICAGO
6313,THE POWER OF LOVE,CELINE DION
6315,PRETTY MAIDS ALL IN A ROW,EAGLES
6342,Stairway To Heaven,Led Zepplin
6377,BAKIT,ROCKSTAR 2
6428,It's Probably Me,Sting
6450,Sentimental Lady,Bob Welch
6451,SHE'S THE ONE,ROBBIE WILLAMS
6452,She Makes Me Feel,Matthew Fisher
6477,YOU'RE SO VAIN,CARLY SIMON
6481,INSPECTOR MILLS,AMERICA
6517,Someday We'll Know,Mandy Moore
6519,UNBREAKABLE,WESTLIFE
6532,"ANO KA, HILO?",GEE GIRLS
6534,AT SEVENTEEN,JANIS IAN
6556,Desert Moon,Dennis DeYoung
6561,For Your Babies,Simply Red
6567,How Can I Fall,Breath
6637,Underneath Your Clothes,Shakira
6647,When You're In Love With A..,Dr. Hook
6652,Wild Women,Michael Learns To Rock
6684,SHE'S THE ONE,ROBBIE WILLAMS
6688,Tonight,Rod Stewart
6707,Queen Of My Heart,Westlife
6736,Changes In My Life,Mark Sherman
6739,Di Mo Ba Alam,SIAKOL
6814,SORRY NA,PAROKYA NI EDGAR
6828,You've Got A Friend,Carole King
6866,How Can I Fall,Breath
6923,Californication,Red Hot Chili Peppers
6961,"ANO KA, HILO?",GEE GIRLS
7044,You're So Vain,Carole King
7084,Moonlight Over Paris,Paolo Santos
7104,Close,Paolo Santos
7136,Strong,Robbie Williams
7161,BABY I'M A WANT YOU,BREAD
7181,Birds And The Bees,Winnie Santos
7217,Mandy,Barry Manilow
7256,Flying Without Wings,Westlife
7293,We Don't Talk Anymore,Cliff Richard
7308,I Want It That Way,Backstreet Boys
7315,Love Me For What I Am,The Carpenters
7322,No One Can,Marillion
7362,Better Man,Robbie Williams
7453,Insensitive,Jann Arden
7470,All Those Years Ago,George Harrison
7474,BAKERSTREET,GERRY RAFFERTY
7475,Beth,Kiss
7488,CLAIR,GILBERT O'SULLIVAN
7490,Feel,Robbie Williams
7534,I Just Died In Your Arms Tonight,Cutting Crew
7538,(I'VE HAD) THE TIME OF MY LIFE,DIRTY DANCING THEME
7599,Classic,Adrian Gurvitz
7657,Maybe,Neocolors
7661,Solitaire,Carpenters
7669,Your Body Is A Wonderland,John Mayer
7670,Bye Bye Na,Rico Blanco
7677,Balisong,Rivermaya
7814,100 Years,Five For Fighting
7839,Faith In Me,Mandy Moore
7840,Fallin',Danica Sotto
7847,I'm Sorry,Moonstar 88
7865,Biglaan,6cycle Mind
7891,Paulit-ulit,Danica Sotto
7895,She Will Be Loved,Maroon 5
7906,LOST WITHOUT YOUR LOVE,BREAD
7909,Hard Habit To Break,Chicago
7914,TEQUILA SUNRISE,EAGLES
7923,I JUST WANNA STOP,VANELLI
7937,Love Ain't,Take That
7939,Milk And Toast Honey,Roxette
7969,HELLO AGAIN,NEIL DIAMOND
7977,SEND ME AN ANGEL,SCORPIONS
7978,SUMMER BREEZE,SEALS & CROFTS
7986,Nice And Slow,Usher
7991,XANADU,OLIVIA NEWTON JOHN
8001,Angel,The Corrs
8019,Think of Laura,Christopher Cross
8033,If Ever You're In My Arms Again,Peabo Bryson
8083,Sulat,Moonstar 88
8094,Pasaway,J. Brothers
8102,EASY,LIONEL RICHIE
8110,Until I Fall In Love Again,David Pomeranz
8139,You'll Be Safe Here,Rivermaya
8198,Love Moves In Mysterious...,Nina
8202,Must Get Out,Maroon 5
8208,Incomplete,Backstreet Boys
8260,Hanggang Kailan,Orange And Lemons
8294,You Can Do Magic,America
8295,If,Rivermaya
8299,You're Beautiful,James Blunt
8307,Separate Lives,Phil Collins And Cindy Lauper
8315,Abot Kamay,Orange And Lemons
8352,Jeepney,Spongecola
8355,Sandalan,6 Cycle Minds
8371,Someday,Michael Learns To Rock
8375,I Can Wait Forever,Air Supply
8378,Say You'll Never Go,Neo Colours
8387,I (Ay),6 Cyclemind
8418,Missing You,John Waite
8434,Maybe It's You,Jolina Magdangal
8437,Majika,Kitchie Nadal
8449,Nasaan Ka,Pupil
8468,SO SICK,NE-YO
8471,YOU AND ME,LIFEHOUSE
8505,GITARA,PAROKYA NI EDGAR
8506,PANALANGIN,MOONSTAR 88
8508,TWO LESS LONELY PEOPLE IN THE WORLD,AIR SUPPLY
8526,You,Carpenters
8529,I Have You,Carpenters
8541,Nakapagtataka,Sponge Cola
8552,UMAASA,6 CYCLE MIND
8582,Miss You In A Heartbeat,Def Leppard
8592,SOMEDAY,NINA
8594,Tuliro,Spongecola
8602,EVERYTHING,MICHAEL BUBLE
8869,Nothing To Lose,Michael Learns To Rock
8939,UMAASA LANG SA'YO,SIX PART INVENTION
8953,BECAUSE OF YOU,NE-YO
8968,SALA,PUPIL
9016,Reminiscing,Little River Band
9032,PASUBALI,SPONGECOLA
9054,I WANNA KNOW WHAT LOVE IS,SARAH GERONIMO
9088,PARA SA'YO,PAROKYA NI EDGAR
9137,Di Na Iibig Pa,J Brothers
9231,LITTLE WONDERS,ROB THOMAS
9237,LOST,MICHAEL BUBLE
9240,EARLY WINTER,GEWN STEFANI
9264,Aaminin Ko,6 Cycle Mind
9309,I Won't Go Home Without You,Maroon 5
9317,MIGRAINE,MOONSTAR 88
9354,TAKE A BOW,RIHANNA
9435,Stop And Stare,One Republic
9449,Miss Independent,Ne-yo
9471,Your Universe,Rico Blanco
9541,Mad,Neyo
9599,All This Time,Six Part Invention
9657,Antukin,Rico Blanco
9689,I Love You Goodbye,Nina
9776,Photograph,Paolo Santos
9781,I'll Never Get Over You Getting Over Me,Karylle
9893,Gone Too Soon,Michael Jackson
9958,Shine,Take That
9973,I Will Take You Forever,Christopher Cross
9978,Leave Right Now,Will Young
9995,I Could Not Ask For More,Edwin McCain
9999,One Day In Your Life,Michael Jackson
10739,Musika Iti Biagko,Lea Dansalan
11019,White Horse,Taylor Swift
11022,Makapiling Ka,Spongecola
11039,When I Look At You,Miley Cyrus
11073,Photograph,Nickelback
11082,Upside Down,Jack Johnson
11095,Look After You,The Fray
11106,A Woman's Love,Alan Jackson
11110,Her Diamonds,Rob Thomas
11127,Kung Wala Na Nga,"6Cyclemind Feat. Yeng Constantino, Kean Cipriano"
11142,Secrets,One Republic
11150,Hold On,Michael Buble
11167,Half Of My Heart,John Mayer ft Taylor Swift
11186,Neon Lights (Nebula),Rico Blanco
11213,Dreaming With A Broken Heart,John Mayer
11220,If Today Was Your Last Day,Nickelback
11230,Savin' Me,Nickelback
11242,Foolish Heart,Nina
11362,Heartbreak Warfare,John Mayer
11380,Dear Mr. President,Pink
11423,Sweet Dreams,Air Supply
11456,One In A Million,Neyo
11520,Pangarap Lang Kita,Parokya Ni Edgar ft Happee Sy
11569,Back To December,Taylor Swift
11654,Sailing,Christopher Cross
11679,Kay Tagal Kitang Hinintay,Sponge Cola
11693,Goodbye Girl,Bread
11701,Some Hearts Are Diamonds,Chris Norman
11707,I Fall Over Again,Dan Hill
11712,I'd Really Love To See You Tonight,England Dan & John Ford Coley
11735,JUST TELL ME YOU LOVE ME,ENGLAND DAN AND JOHN FORD COLEY
11745,Love Is The Answer,England Dan & John Ford Coley
11751,More Than Just The Two Of Us,Sneaker
11761,Hold On To The Night,Richard Marx
11762,California King Bed,Rihanna
11766,SANA'Y AKO NA LANG,SIX PART INVENTION
11775,We'll Never Have To Say Goodbye Again,England Dan And John Ford Coley
11776,Why Do We Always Hurt The Ones We Love,Dan Hill
11778,You And I,Kenny Rogers Feat. BeeGees
11786,Heart To Heart,Kenny Loggins and Michael McDonald
11787,I Don't Wanna Lose Your Love,John O'Banion
11815,LOVE ME FOR WHAT I AM,LOBO
11858,Lego House,Ed Sheeran
11899,(I'm Caught Between) Goodbye And I Love You,Carpenters
11902,What's Forever For,Michael Martin Murphy
11906,Yakap Sa Dilim,Orange And Lemons
11910,Never Let Her Slip Away,The Bloomfields
11915,Through The Fire,Nina
11959,When I'm Gone,Albert Hammond
11968,Belonging,Bread
11976,Call Me,Styx Dennis DeYoung
14009,Put Your Head On My Shoulder,Paul Anka
14015,Arthur's Theme,Christopher Cross
14016,AUBREY,BREAD
14022,Lost In Love,Air Supply
14023,BLUE BAYOU,LINDA RONSTADT
14033,Close To You,Carpenters
15012,Don't Expect Me To Be Your Friend,Lobo
15013,A Simple Man,Lobo
15014,It Sure Took A Long Long Time,Lobo
15015,Love Me For What I Am,Lobo
15017,Loving Arms,Kris Kristofferson feat. Rita Coolidge
15035,Matututuhan Mo Rin,Rocksteddy
15038,You And I,Scorpions
15046,Take Me Now,Bread
15062,Mandy,Westlife
15069,There Ain't No Way,Lobo
15081,Let Me Love You,Ne-yo
15102,Happy Man,Chicago
15104,Dulo Ng Dila,Pupil
15105,We All Fall In Love Sometimes,Elton John
15109,Hold Me In Your Arms,Southern Sons
15117,I Can't Make You Love Me,Nina
15118,Little Things,One Direction
15132,Your Song,Parokya Ni Edgar
15148,Something New In My Life,Stephen Bishop
15153,"Girl, You're Always On My Mind",Gallery
15156,I Won't Let You Go,James Morrison
15168,Save Me a Dream,Paul Williams
15169,When I'm With You,Sheriff
15182,I Surrender,CELINE DION
15202,Lea,Toto
15213,Secret Smile,William Katt
15238,Will You Still Love Me,Chicago
15248,Sleep All Day,Jason Mraz
15279,Never Be The Same,Christopher Cross
15290,Buko,Jireh Lim
15341,Heaven Knows,Orange And Lemons
15354,Magkabilang Mundo,Jireh Lim
15389,Pilot Of The Airwaves,Charlie Dore
15416,Nights Are Forever Without You,England Dan And John Ford Coley
15438,Where Do I Go From Here,England Dan & John Ford Coley
15456,Falling In Love,Six Part Invention
15461,I'm Coming Home,Beeb Birtles & Graham Goble
15462,If I Said You Had A Beautiful Body,Bellamy Brothers
15477,Moments,One Direction
15485,Lipat Bahay,Rico Blanco
15499,Weekend In New England,Barry Manilow
15518,Private Eyes,Hall And Oates
15575,Spinning,Christopher Cross
15598,Everything About You,One Direction
15599,Heart Attack,One Direction
15612,Hummingbird,Seals and Croft
15642,I'll Always Love You,Craig Ruhnke
15655,Earth Song,Michael Jackson
15661,Best Song Ever,One Direction
15706,What Can I Do With This Broken Heart,England Dan & John Ford Coley
15707,Why Is It Me,England Dan & John Ford Coley
15708,Falling Stars,England Dan & John Ford Coley
15709,Gone Too Far,England Dan & John Ford Coley
15710,Soldier In The Rain,England Dan John Ford Coley
15718,Is There Something,Christopher Cross
15761,Who's Lonely Now,England Dan & John Ford Coley
15776,Here's To You,Billy Ocean
15857,Story Of My Life,One Direction
15864,Believe It Or Not,Joey Scarbury
15883,I Don't Know Why You Love,Cotton Lloyd & Christian
15884,I Love You,Morris Albert
15902,Pag-ibig Na Kaya Ito,J Brothers
15940,Who You Love,John Mayer ft Katy Perry
15961,The Flame,Cheap Trick
15971,Villa Quintana,Rockstar 2
15972,What A Fool Believes,Michael McDonald
15997,The Wire,Haim
15998,One on One,Hall and Oats
16000,Heart To Heart,James Blunt
16002,Bonfire Heart,James Blunt
16083,Sa Panaginip,Rocksteddy
16088,Sumisigaw,Orient Pearl
16097,You Don't Bring Me Flowers,Neil Diamonds and Barbra Streisand
16128,I Still Believe In You,David Pomeranz
16136,Love,Jim Photoglo
16145,Listen To Your Heart,Roxette
16210,Stay With Me,Sam Smith
16215,To Love Somebody,Michael Bolton
16242,Ikaw Lamang,Siakol
16253,Love Never Felt So Good,Michael Jackson and Justin Timberlake
16273,What Might Have Been,Lou Pardini
16297,Our House,"Crosby, Stills, Nash & Young"
16336,Wasted On The Way,CSNY
16467,Can't Stop Loving You Now,Matthew Fisher
16468,If You Remeber Me,Chris Thompson
16469,I Love You,Climax Blues Band
16473,Broken Hearted Me,England Dan & John Ford Coley
16480,Barenaked,Jennifer Love Hewitt
16484,The Gambler,Kenny Rogers
16497,So Much In Love With You,Sheena Easton
16499,I'll Always Love You,Taylor Dayne
16532,I Will Still Love You,Stonebolt
16546,Only Love Can Break Your Heart,Neil Young
16552,Leave Your Lover,Sam Smith
16568,I Wish That I Was Making Love To You Tonight,Allesi Brothers
16596,Midnight Blue,Melissa Manchester
16600,Part Of Me Part Of You,England Dan And John Ford Coley
16610,Heart Of The Matter,Don Henley
16647,Midnight Blue,Melissa Manchester
16653,Regrets,Kenny Rankin
16677,You're In My Heart,Rod Stewart
16678,Maabot Ka Lang,Orient Pearl
16783,Four Five Seconds,Rihanna And Kanye West
16825,I Don't Believe In Miracles,America
16844,Lay Me Down,Sam Smith
16873,The Space Between,Dave Matthews Band
16887,1973,James Blunt
16933,I Don't Want To Live Without You,Foreigner
16959,Why,Pupil
16988,Ten To Eight,David Castle
17011,Muling Buksan Ang Kahapon,Orient Pearl
17046,Right Before Your Eyes,America
17064,B.S.U.R.(S.U.C.S.I.M.I.M),James Taylor
17120,How You Gonna See Me Now,Alice Cooper
17129,Don't Say Goodnight,Jim Photoglo
17135,Reason To Believe,Lobo
17180,I've Been In Love Before,Cutting Crew
17188,It Hurts To Be Love,Gino Vannelli
17271,I Will Wait,Gracenote
17282,Water Under The Bridge,Adele
17344,Biggest Part Of Me,Ambrosia
17393,Always On Time,Ja Rule
17399,Bakit May Paalam,Six Part Invention
17400,Better Together,Jack Johnson
17438,Fire on the Water,Chris De Burgh
17439,First Cut is the Deepest,Rod Stewart
17442,Gawing Langit Ang Mundo,Siakol
17444,Glitter In The Air,Pink
17476,Scar Tissue,Red Hot Chili Pepper
17481,99,Toto
17526,I Was Only Joking,Rod Stewart
17625,Fool In Love,Jim Photoglo
17637,Home,Michael Buble
17681,Stranger In Moscow,Michael Jackson
17683,That's The Way It Is,Celine Dion
17684,A Place With No Name,Michael Jackson
17702,Do The Walls Come Down,Carly Simon
17706,Endless Summer Nights,Richard Marx
17713,Flight,Lifehouse
17753,Kiss It Better,Rihanna
17763,Just A Love Song,Walter Murphy Band
17769,Rest Your Love,The Vamps
17807,Brandy (You're A Fine Girl),Looking Glass
17825,Love So Right,Bee Gees
17830,Fine By Me,Andy Grammer
17831,Firefly,Kitchie Nadal
17846,Just A Song Before I Go,Crosby Stills Nash & Young
17887,One On One,Hall & Oats
17891,A Place To Hideaway,The Carpenters
17895,I Will Always Wait For You,Burton Cummings
17899,Die A Happy Man,Thomas Rhett
17976,Infinity,One Direction
17986,Bakit,Rockstar 2
18011,How You Remind Me,Nickelback
18035,Wala Pa Ring Iba,Rockstar 2
18040,Taciturn,Gracenote
18063,Teach Your Children,"Crosby, Stills, Nash & Young"
18070,Just A Word Away,Chris de Burgh
18075,Prom,The Juans
18116,Minahal Kita Ng Labis,Rockstar 2
18120,But If You Leave Me,Junior
18139,Just For A Moment,David Foster & Amy Holland
18163,Stop This Train,John Mayer
18166,Tenerife Sea,Ed Sheeran
18171,The Only One,Lionel Richie
18172,The Story Of Us,Taylor Swift
18194,It Ain't Easy Coming Down,Charlene Duncan
18214,Couldn't Get It Right,Climax Blues Band
18272,Banana Pancakes,Jack Johnson
18276,Wag Mong Aminin,Rico Blanco
18323,Giliw Ko,Rockstar
18335,7 Minutes,Darren Espanto
18350,Do You Miss Me,Morris Albert
18375,This Town,Niall Horan
18376,Say You Won't Let Go,James Arthur
18386,I Can't Help It,Andy Gibbs & Olivia Newton-John
18430,I Wanna Grow Old With You,Westlife
18456,When You're Gone,The Cranberries
18490,Make Believe It's Your First Time,The Carpenters
18496,All The Time In the World,Dr. Hook
18538,Alam,Darren Espanto
18552,Magpakailanman,Rocksteady
18553,Moment Of Glory,Scorpions
18602,Impossible Winner,Rockstar
18610,Better Man,Pearl Jam
18634,Cancer,My Chemical Romance
18654,Mr. Dieingly Sad,The Critters
18658,Sasagipin Kita,Siakol
18691,Never Gonna Fall In Love Again,Eric Carmen
18741,I Love How You Love Me,Bobby Vinton
18743,Love Love Love,Hope ft. Jason Mraz
18749,Kung Magiging Tayo,Rocksteddy
18755,Love On The Brain,Rihanna
18779,You Don't Wanna Know,Orianthi
18808,I'll Stand By You,The Pretenders
18832,Our Day Will Come,The Carpenters
18839,Love On The Weekend,John Mayer
18843,Hearts,Marty Balin
18850,Paano Ka Magiging Akin,True Faith
18867,Shape Of My Heart,Sting
18872,Disenchanted,My Chemical Romance
18921,Can't Stay Away From You,Gloria Estefan
18942,Gravity,John Mayer
18970,Goodbye My Lover,James Blunt
26030,Malibu,Miley Cyrus
26034,Never Knew I Needed,Ne-yo
26054,Guilty,Barabara Streisand & Barry Gibbs
26067,Sinta,Rockstar
26080,I Don't Love You,My Chemical Romance
26190,Carried Away,Crosby Stills & Nash
26194,Midsummer Nights,Kenny Rogers
26202,Dive,Ed Sheeran
26257,Should We Carry On,Airplay
26271,Soul To Squeeze,Red Hot Chili Pepper
26323,Huling Harana,Christian Bautista
26324,U.T.I.(Umasa Tapos Iniwan),Rocksteddy
26330,All Too Well,Taylor Swift
26401,Precious And Few,Climax
26409,Everglow,Coldplay
26425,What About Us,Pink
26480,Too Good At Goodbyes,Sam Smith
26521,Too Much To Ask,Niall Horan
26537,How Would You Feel,Ed Sheeran
26595,All Around,America
26599,Stoney,Lobo
26603,Daughter Of Darkness,Tom Jones
26605,Escape (The Pina Colada Song),Rupert Holmes
26658,Missing You Now,Michael Bolton
26678,Sumpa,Rockstar 2
26682,Time Machine,Six Part Invention
26714,Istorya,The Juans
26719,Paano,Janno Gibbs ft. Freestyle
26728,Can I Be Him,James Arthur
26753,Oh Lori,Alessi Brothers
26798,Stereo,America
26812,Love's Worn Out Again,America
26816,Devil Woman,Cliff Richards
26817,Tryin' To Get That Feeling Again,David Pomeranz
26831,I Drove All Night,Roy Orbison
26833,Under The Same Sun,Scorpions
26836,Bakit Ganyan Ka?,Gracenote and Chito Miranda
26870,Sometimes Lovers,America
26885,Holiday,Scorpions
26916,Kung Sakali,Pabs Dadivas
26940,Whispers In The Wind,Lobo
26941,You're All I Ever Need,Lobo
26992,Casablanca,Bertie Higgins
27051,Hair Too Long,The Vamps
27061,Make It To Me,Sam Smith
27082,Don't Forget Me,Captain & Tennille
27094,Special Girl,America
27174,Kunwari,Spongecola
27183,We Both Know,Colbie Caillat ft Gavin DeGraw
27204,Stuck With You,Huey Lewis & The News
27208,I Really Don't Know Anymore,Christopher Cross
27284,Kahit Ayaw Mo Na,This Band
27307,When You Love A Woman,Journey
27371,Mariners Apartment Complex,Lana Del Rey
27378,Always Remember Us This Way,Lady Gaga
27447,Cast The Spirit,America
27449,Poor Shirley,Christopher Cross
27539,Summer Love,One Direction
27628,Your World And My World,Albert Hammond
27630,Say You'll Be Mine,Christopher Cross
27654,I Guess I Just Feel Like,John Mayer
27661,More Love,Kim Carnes
27666,Love You Anymore,Michael Buble
27714,One Less Day,Rob Thomas
27750,Let There Be Love,Bee Gees
27769,Hindi Na Nga,This Band
28016,I'll Fall In Love Again,Lani Hall
28047,Huwag Na Sana,Arkasia
28084,Man On Your Mind,Little River Band
28090,What's Forever For,England Dan & John Ford Coley
28125,I Did It For Your Love,Glen Frey
28161,Sana,J. Brothers
28177,Only Friends,The Lettermen
28201,Circles,Post Malone
28224,Coming Around Again,Carly Simon
28257,Memories,Maroon 5
28271,Bitaw Na,This Band
28293,One Love,Carpenters
28303,Hindi Tayo Pwede,The Juans
28336,Dreams,Fleetwood Mac
28393,Mr. Curiosity,Jason Mraz
28413,Bless The Beast And The Children,Carpenters
28435,Never Be Sorry,Old Dominion
28465,Look What You've Done,Bread
28469,Pag-Ibig Sa Tabing Dagat,Orange & Lemons
28517,Special Girl,America
28577,One Man Band,Old Dominion
28593,Someone,Gallery
28621,Don't Be Sad Cause Your Sun Is Down,James Taylor ft Stevie Wonder
28662,Hungry Eyes,Eric Carmen
28677,Hatid,The Juans
28770,Parang Kailan Lang,Maine Mendoza ft. Gracenote
28844,Make It Feel Like Home Again,Russel Hitchcock
28857,Borderline,Tame Impala
28958,Yellow Ledbetter,Pearl Jam
29036,What Could Have Been Love,Aerosmith
29044,Better Man,Westlife
29061,Something In The Way,Nirvana
29156,Nang Iwan,This Band
29160,O Bakit Ba,Rockstar 2
29165,Starting Over,Chris Stapleton
29177,Clouds,David Gates With Bread
29178,Pangarap Ko'y Ikaw,Regine Velasquez
29188,Married In Vegas,The Vamps
29236,I Want You Back Here With Me,Albert Hammond
29312,Paradise,Dennis DeYoung
29315,When You Came Into My Life,Scorpions
29318,Chemicals,The Vamps
29415,Sofia,Clairo
29419,Driver's License,Olivia Rodrigo
29432,La La Lost You,NIKI
29486,Memories,Albert Hammond
29529,Panaginip,Lapis
29567,Sexual Vibe,Stephen Puth
29583,Binibini,Zack Tabudlo
29644,Dear John,Taylor Swift
29656,Happier,Olivia Rodrigo
29710,July,Noah Cyrus
29716,Tin Man,America
29756,Hindi Ko Kaya,Zack Tabudlo
29763,Wired For Sound,Cliff Richard
29768,Enough For You,Olivia Rodrigo
29868,"Baby, I Love Your Way",Will To Power
29897,Love Me Again,Lani Hall
29906,Ulap,Rob Deniel
29929,Promise Ain't Enough,Hall & Oates
29935,Better Love Next Time,Dr. Hook
29939,Last Train Home,John Mayer
29979,Love Me Like There's No Tomorrow,Freddie Mercury
38100,Lahat Sa Buhay Ko,Mark Bautista
38117,Dulo,The Juans
38132,Unang Sayaw,Nobita
38159,Gone,Rose
38224,traitor,Olivia Rodrigo
38280,Love Will Keep Us Together,Captain & Tennille
38288,Off My Face,Justin Bieber ft. CHAEYOUNG
38312,Shot in the Dark,John Mayer
38323,Habang Buhay,Zack Tabudlo
38325,Don't Let Me Change The Way You Are,Gloria Loring
38363,The Art of Starting Over,Demi Lovato
38413,Pano,Zack Tabudlo
38432,Heart Of Mine,Boz Scaggs
38440,Heaven,Pink Sweats
38462,When I Dream About You,Gracenote
38568,Him,Rupert Holmes
38603,How Much I Feel,Ambrosia
38657,White Dove,Scorpions
38658,She's My Girl,Morris Albert
38682,Classic Male Love Songs Medley,Medley Song
38683,Honesty,Pink Sweats
38709,Black,Pearl Jam
38763,Asan Ka Na Ba,Zack Tabudlo
38776,Let Somebody Go,Coldplay X Selena Gomez
38834,High and Dry,Radiohead
38898,Pieces,Rob Thomas
38936,So Much In Love,Timothy B. Schmit
38967,Enchanted,Taylor Swift
39024,Coming Of Age,Damn Yankees
39080,favorite crime,Olivia Rodrigo
39124,Oceans & Engines,NIKI
39180,Flowers Lauren,Spencer-Smith
39276,Gabi,Rob Daniel
39278,Would You,The Vamps
39384,Backburner,NIKI
39454,Sinta,Rob Deniel
39461,No Other Heart,Mac DeMarco
39526,Tell It To My Heart,Taylor Dayne
39663,Memory Lane,Old Dominion
39678,Give Me Your Forever,Zack Tabudlo
39774,Ang Pagibig,Rob Deniel
39995,Middle Ground,Maroon 5
39999,Someone,Gallery
40031,Vampire,Olivia Rodrigo
40162,Early In The Morning,Cliff Richards
40188,Used To Be Young,Miley Cyrus
40210,Believe In Love,Scorpions
40254,logical,Olivia Rodrigo
40266,Last Time That I Saw You,Nicki Minaj
40375,The Grudge,Olivia Rodrigo
40586,RomCom,Rob Deniel
40634,Slow It Down,Benson Boone
40697,II MOST WANTED,"Beyonce, Miley Cyrus"
40775,All The Love That I Ever Needed,James Blunt
40899,Die With A Smile,"Lady Gaga, Bruno Mars"
41013,Stay Awhile,The Bells
41044,Look What You've Done To Me,Boz Scaggs
41079,Lights,Journey
41208,Sandy,John Travolta
41242,ALL MY LOVE,Coldplay
41406,Ano Ba Talaga Tayo,The Juans
41475,Nasaan ang Hiling,Maymay Entrata
41592,Without You,Lexnour
41741,Jody,America
41779,Ako Na Lang,The Juans
41812,Play The Game,Queen
41813,Puso,Rob Deniel
41817,Suliranin,IV OF SPADES
41846,Easy Lover,Miley Cyrus
41846,Easy Lover,Miley Cyrus
41850,The crying game,Nicki Minaj and Jessie Ware
41850,The crying game,Nicki Minaj and Jessie Ware
41891,Wasak Na Puso,Six Part Invention
41891,Wasak Na Puso,Six Part Invention
41948,Just Like Yesterday,Bread
